ID,stockNum,stockName,date,filename,inputTime,username
1,9911,櫻花,2018_05_30,9911_櫻花_2018-05-30_2:22:45_PM.txt,2:22:45_PM,popowing
2,9914,美利達,2018_05_30,9914_美利達_2018-05-30_2:23:12_PM.txt,2:23:12_PM,popowing
3,3346,麗清,2018_05_30,3346_麗清_2018-05-30_2:23:26_PM.txt,2:23:26_PM,popowing
4,2603,長榮,2018_05_30,2603_長榮_2018-05-30_2:24:05_PM.txt,2:24:05_PM,popowing
5,8462,柏文,2018_05_30,8462_柏文_2018-05-30_2:24:14_PM.txt,2:24:14_PM,popowing
6,2472,立隆電,2018_06_01,2472_立隆電_2018-06-01_10:02:28_AM.txt,10:02:28_AM,popowing
7,1256,鮮活果汁-KY,2018_06_01,1256_鮮活果汁-KY_2018-06-01_10:02:48_AM.txt,10:02:48_AM,popowing
8,2349,錸德,2018_06_02,2349_錸德_2018-06-02_下午5:22:40.txt,下午5:22:40,c21221203
9,1256,鮮活果汁-KY,2018_06_02,1256_鮮活果汁-KY_2018-06-02_下午6:51:43.txt,下午6:51:43,c21221203
10,2472,立隆電,2018_06_02,2472_立隆電_2018-06-02_下午6:52:10.txt,下午6:52:10,c21221203
11,2015,豐興,2018_06_02,2015_豐興_2018-06-02_下午6:52:37.txt,下午6:52:37,c21221203
12,1314,中石化,2018_06_02,1314_中石化_2018-06-02_下午6:52:58.txt,下午6:52:58,c21221203
13,8926,台汽電,2018_06_02,8926_台汽電_2018-06-02_下午6:54:27.txt,下午6:54:27,c21221203
14,2204,中華,2018_06_02,2204_中華_2018-06-02_下午6:54:45.txt,下午6:54:45,c21221203
15,1525,江申,2018_06_02,1525_江申_2018-06-02_下午6:55:02.txt,下午6:55:02,c21221203
16,2227,裕日車,2018_06_02,2227_裕日車_2018-06-02_下午6:55:16.txt,下午6:55:16,c21221203
17,2201,裕隆,2018_06_02,2201_裕隆_2018-06-02_下午6:55:31.txt,下午6:55:31,c21221203
18,3221,台嘉碩,2018_06_02,3221_台嘉碩_2018-06-02_下午6:55:44.txt,下午6:55:44,c21221203
19,3221,台嘉碩,2018_06_02,3221_台嘉碩_2018-06-02_下午6:55:59.txt,下午6:55:59,c21221203
20,5299,杰力,2018_06_02,5299_杰力_2018-06-02_下午6:56:19.txt,下午6:56:19,c21221203
21,1455,集盛,2018_06_02,1455_集盛_2018-06-02_下午6:56:37.txt,下午6:56:37,c21221203
22,4966,譜瑞-KY,2018_06_02,4966_譜瑞-KY_2018-06-02_下午6:56:53.txt,下午6:56:53,c21221203
23,8222,寶一,2018_06_02,8222_寶一_2018-06-02_下午6:57:07.txt,下午6:57:07,c21221203
24,6206,飛捷,2018_06_02,6206_飛捷_2018-06-02_下午6:57:20.txt,下午6:57:20,c21221203
25,2456,奇力新,2018_06_02,2456_奇力新_2018-06-02_下午6:57:34.txt,下午6:57:34,c21221203
26,2492,華新科,2018_06_02,2492_華新科_2018-06-02_下午6:57:47.txt,下午6:57:47,c21221203
27,9911,櫻花,2018_06_02,9911_櫻花_2018-06-02_下午6:58:00.txt,下午6:58:00,c21221203
28,9914,美利達,2018_06_02,9914_美利達_2018-06-02_下午6:58:10.txt,下午6:58:10,c21221203
29,3346,麗清,2018_06_02,3346_麗清_2018-06-02_下午6:58:20.txt,下午6:58:20,c21221203
30,2456,奇力新,2018_06_02,2456_奇力新_2018-06-02_下午6:58:59.txt,下午6:58:59,c21221203
31,2492,華新科,2018_06_02,2492_華新科_2018-06-02_下午6:59:15.txt,下午6:59:15,c21221203
32,1440,南紡,2018_06_02,1440_南紡_2018-06-02_下午6:59:28.txt,下午6:59:28,c21221203
33,4739,康普,2018_06_02,4739_康普_2018-06-02_下午6:59:37.txt,下午6:59:37,c21221203
34,2448,晶電,2018_06_02,2448_晶電_2018-06-02_下午6:59:48.txt,下午6:59:48,c21221203
35,8349,恒耀,2018_06_02,8349_恒耀_2018-06-02_下午7:00:13.txt,下午7:00:13,c21221203
36,4739,康普,2018_06_02,4739_康普_2018-06-02_下午7:00:35.txt,下午7:00:35,c21221203
37,2539,櫻花建,2018_06_02,2539_櫻花建_2018-06-02_下午7:00:48.txt,下午7:00:48,c21221203
38,2062,橋椿,2018_06_02,2062_橋椿_2018-06-02_下午7:00:58.txt,下午7:00:58,c21221203
39,3708,上緯,2018_06_02,3708_上緯_2018-06-02_下午7:01:08.txt,下午7:01:08,c21221203
40,3310,佳穎,2018_06_02,3310_佳穎_2018-06-02_下午7:01:18.txt,下午7:01:18,c21221203
41,3026,禾伸堂,2018_06_02,3026_禾伸堂_2018-06-02_下午7:01:29.txt,下午7:01:29,c21221203
42,2327,國巨,2018_06_02,2327_國巨_2018-06-02_下午7:02:05.txt,下午7:02:05,c21221203
43,1305,華夏,2018_06_02,1305_華夏_2018-06-02_下午7:02:20.txt,下午7:02:20,c21221203
44,6213,聯茂,2018_06_02,6213_聯茂_2018-06-02_下午7:02:45.txt,下午7:02:45,c21221203
45,6153,嘉聯益,2018_06_02,6153_嘉聯益_2018-06-02_下午7:03:00.txt,下午7:03:00,c21221203
46,1309,台達化,2018_06_02,1309_台達化_2018-06-02_下午7:03:17.txt,下午7:03:17,c21221203
47,6238,勝麗,2018_06_02,6238_勝麗_2018-06-02_下午7:04:03.txt,下午7:04:03,c21221203
48,3413,京鼎,2018_06_02,3413_京鼎_2018-06-02_下午7:04:13.txt,下午7:04:13,c21221203
49,4142,國光生,2018_06_02,4142_國光生_2018-06-02_下午7:04:24.txt,下午7:04:24,c21221203
50,4107,邦特,2018_06_02,4107_邦特_2018-06-02_下午7:04:34.txt,下午7:04:34,c21221203
51,6591,動力-KY,2018_06_02,6591_動力-KY_2018-06-02_下午7:04:49.txt,下午7:04:49,c21221203
52,2377,微星,2018_06_02,2377_微星_2018-06-02_下午7:04:58.txt,下午7:04:58,c21221203
53,6576,逸達,2018_06_02,6576_逸達_2018-06-02_下午7:05:10.txt,下午7:05:10,c21221203
54,1904,正隆,2018_06_02,1904_正隆_2018-06-02_下午7:05:23.txt,下午7:05:23,c21221203
55,2377,微星,2018_06_02,2377_微星_2018-06-02_下午7:05:34.txt,下午7:05:34,c21221203
56,4163,鐿鈦,2018_06_02,4163_鐿鈦_2018-06-02_下午7:05:47.txt,下午7:05:47,c21221203
57,3026,禾伸堂,2018_06_02,3026_禾伸堂_2018-06-02_下午7:05:57.txt,下午7:05:57,c21221203
58,2324,仁寶,2018_06_02,2324_仁寶_2018-06-02_下午7:06:07.txt,下午7:06:07,c21221203
59,1215,卜蜂,2018_06_02,1215_卜蜂_2018-06-02_下午7:06:15.txt,下午7:06:15,c21221203
60,1905,華紙,2018_06_02,1905_華紙_2018-06-02_下午7:06:27.txt,下午7:06:27,c21221203
61,2615,萬海,2018_06_02,2615_萬海_2018-06-02_下午7:06:54.txt,下午7:06:54,c21221203
62,2615,萬海,2018_06_02,2615_萬海_2018-06-02_下午7:07:14.txt,下午7:07:14,c21221203
63,3646,艾恩特,2018_06_02,3646_艾恩特_2018-06-02_下午7:07:23.txt,下午7:07:23,c21221203
64,1905,華紙,2018_06_02,1905_華紙_2018-06-02_下午7:07:31.txt,下午7:07:31,c21221203
65,1101,台泥,2018_06_02,1101_台泥_2018-06-02_下午7:07:41.txt,下午7:07:41,c21221203
66,2882,國泰金,2018_06_02,2882_國泰金_2018-06-02_下午7:07:49.txt,下午7:07:49,c21221203
67,8499,鼎炫-KY,2018_06_02,8499_鼎炫-KY_2018-06-02_下午7:07:59.txt,下午7:07:59,c21221203
68,8489,三貝德,2018_06_02,8489_三貝德_2018-06-02_下午7:08:09.txt,下午7:08:09,c21221203
69,2636,台驊投控,2018_06_02,2636_台驊投控_2018-06-02_下午7:08:20.txt,下午7:08:20,c21221203
70,2464,盟立,2018_06_02,2464_盟立_2018-06-02_下午7:08:42.txt,下午7:08:42,c21221203
71,2356,英業達,2018_06_02,2356_英業達_2018-06-02_下午7:08:51.txt,下午7:08:51,c21221203
72,3189,景碩,2018_06_02,3189_景碩_2018-06-02_下午7:08:59.txt,下午7:08:59,c21221203
73,2881,富邦金,2018_06_02,2881_富邦金_2018-06-02_下午7:09:10.txt,下午7:09:10,c21221203
74,6560,欣普羅,2018_06_02,6560_欣普羅_2018-06-02_下午7:12:52.txt,下午7:12:52,c21221203
75,2347,聯強,2018_06_02,2347_聯強_2018-06-02_下午7:13:00.txt,下午7:13:00,c21221203
76,5469,瀚宇博,2018_06_02,5469_瀚宇博_2018-06-02_下午7:13:17.txt,下午7:13:17,c21221203
77,3090,日電貿,2018_06_02,3090_日電貿_2018-06-02_下午7:13:23.txt,下午7:13:23,c21221203
78,2382,廣達,2018_06_02,2382_廣達_2018-06-02_下午7:13:31.txt,下午7:13:31,c21221203
79,1303,南亞,2018_06_02,1303_南亞_2018-06-02_下午7:13:39.txt,下午7:13:39,c21221203
80,1319,東陽,2018_06_02,1319_東陽_2018-06-02_下午7:13:45.txt,下午7:13:45,c21221203
81,4938,和碩,2018_06_02,4938_和碩_2018-06-02_下午7:13:54.txt,下午7:13:54,c21221203
82,6648,斯其大,2018_06_02,6648_斯其大_2018-06-02_下午7:14:01.txt,下午7:14:01,c21221203
83,2049,上銀,2018_06_02,2049_上銀_2018-06-02_下午7:14:09.txt,下午7:14:09,c21221203
84,6277,宏正,2018_06_02,6277_宏正_2018-06-02_下午7:14:19.txt,下午7:14:19,c21221203
85,4152,台微體,2018_06_02,4152_台微體_2018-06-02_下午7:14:25.txt,下午7:14:25,c21221203
86,2929,淘帝-KY,2018_06_02,2929_淘帝-KY_2018-06-02_下午7:14:31.txt,下午7:14:31,c21221203
87,1319,東陽,2018_06_02,1319_東陽_2018-06-02_下午7:14:39.txt,下午7:14:39,c21221203
88,3529,力旺,2018_06_02,3529_力旺_2018-06-02_下午7:14:45.txt,下午7:14:45,c21221203
89,2891,中信金,2018_06_02,2891_中信金_2018-06-02_下午7:14:52.txt,下午7:14:52,c21221203
90,4938,和碩,2018_06_02,4938_和碩_2018-06-02_下午7:14:59.txt,下午7:14:59,c21221203
91,2049,上銀,2018_06_02,2049_上銀_2018-06-02_下午7:15:07.txt,下午7:15:07,c21221203
92,6560,欣普羅,2018_06_02,6560_欣普羅_2018-06-02_下午7:15:27.txt,下午7:15:27,c21221203
93,5871,中租-KY,2018_06_02,5871_中租-KY_2018-06-02_下午7:15:34.txt,下午7:15:34,c21221203
94,5871,中租-KY,2018_06_02,5871_中租-KY_2018-06-02_下午7:15:44.txt,下午7:15:44,c21221203
95,3698,隆達,2018_06_02,3698_隆達_2018-06-02_下午7:15:51.txt,下午7:15:51,c21221203
96,1723,中碳,2018_06_02,1723_中碳_2018-06-02_下午7:15:58.txt,下午7:15:58,c21221203
97,3035,智原,2018_06_02,3035_智原_2018-06-02_下午7:16:07.txt,下午7:16:07,c21221203
98,2481,強茂,2018_06_03,2481_強茂_2018-06-03_8:28:06_PM.txt,8:28:06_PM,popowing
99,6432,今展科,2018_06_05,6432_今展科_2018-06-05_下午10:33:33.txt,下午10:33:33,c21221203
100,6279,胡連,2018_06_06,6279_胡連_2018-06-06_3:44:18_PM.txt,3:44:18_PM,popowing
101,4736,泰博,2018_06_06,4736_泰博_2018-06-06_4:35:11_PM.txt,4:35:11_PM,popowing
102,5007,三星,2018_06_06,5007_三星_2018-06-06_4:40:08_PM.txt,4:40:08_PM,popowing
103,8942,森鉅,2018_06_06,8942_森鉅_2018-06-06_4:40:51_PM.txt,4:40:51_PM,popowing
104,4739,康普,2018_06_06,4739_康普_2018-06-06_4:49:53_PM.txt,4:49:53_PM,popowing
105,3653,健策,2018_06_07,3653_健策_2018-06-07_10:05:17_PM.txt,10:05:17_PM,popowing
106,3653,健策,2018_06_07,3653_健策_2018-06-07_10:06:57_PM.txt,10:06:57_PM,popowing
107,2327,國巨,2018_06_11,2327_國巨_2018-06-11_下午4:49:28.txt,下午4:49:28,popowing
108,2327,國巨,2018_06_11,2327_國巨_2018-06-11_下午8:10:53.txt,下午8:10:53,c21221203
109,5349,先豐,2018_06_11,5349_先豐_2018-06-11_下午8:11:57.txt,下午8:11:57,c21221203
110,1568,倉佑,2018_06_11,1568_倉佑_2018-06-11_下午8:12:20.txt,下午8:12:20,c21221203
111,3008,大立光,2018_06_13,3008_大立光_2018-06-13_6:54:03_AM.txt,6:54:03_AM,popowing
112,4566,時碩工業,2018_06_13,4566_時碩工業_2018-06-13_4:58:33_PM.txt,4:58:33_PM,popowing
113,3189,景碩,2018_06_13,3189_景碩_2018-06-13_7:36:30_PM.txt,7:36:30_PM,popowing
114,3354,律勝,2018_06_13,3354_律勝_2018-06-13_10:54:51_PM.txt,10:54:51_PM,popowing
115,9951,皇田,2018_06_15,9951_皇田_2018-06-15_4:08:19_PM.txt,4:08:19_PM,popowing
116,8942,森鉅,2018_06_15,8942_森鉅_2018-06-15_4:09:36_PM.txt,4:09:36_PM,popowing
117,2017,官田鋼,2018_06_16,2017_官田鋼_2018-06-16_11:09:59_AM.txt,11:09:59_AM,popowing
118,1229,聯華,2018_06_18,1229_聯華_2018-06-18_下午12:00:40.txt,下午12:00:40,c21221203
119,5347,世界,2018_06_18,5347_世界_2018-06-18_下午12:01:25.txt,下午12:01:25,c21221203
120,2342,茂矽,2018_06_18,2342_茂矽_2018-06-18_下午12:01:52.txt,下午12:01:52,c21221203
121,1532,勤美,2018_06_18,1532_勤美_2018-06-18_下午12:02:26.txt,下午12:02:26,c21221203
122,4991,環宇-KY,2018_06_18,4991_環宇-KY_2018-06-18_下午12:02:44.txt,下午12:02:44,c21221203
123,2017,官田鋼,2018_06_18,2017_官田鋼_2018-06-18_下午12:03:05.txt,下午12:03:05,c21221203
124,3019,亞光,2018_06_18,3019_亞光_2018-06-18_下午12:06:00.txt,下午12:06:00,c21221203
125,3189,景碩,2018_06_18,3189_景碩_2018-06-18_下午12:06:24.txt,下午12:06:24,c21221203
126,8499,鼎炫-KY,2018_06_18,8499_鼎炫-KY_2018-06-18_下午12:06:38.txt,下午12:06:38,c21221203
127,1560,中砂,2018_06_18,1560_中砂_2018-06-18_下午12:06:50.txt,下午12:06:50,c21221203
128,1560,中砂,2018_06_18,1560_中砂_2018-06-18_下午12:07:05.txt,下午12:07:05,c21221203
129,4912,聯德控股-KY,2018_06_18,4912_聯德控股-KY_2018-06-18_下午12:07:21.txt,下午12:07:21,c21221203
130,4912,聯德控股-KY,2018_06_18,4912_聯德控股-KY_2018-06-18_下午12:07:34.txt,下午12:07:34,c21221203
131,3376,新日興,2018_06_18,3376_新日興_2018-06-18_下午12:07:47.txt,下午12:07:47,c21221203
132,9934,成霖,2018_06_18,9934_成霖_2018-06-18_下午12:39:36.txt,下午12:39:36,c21221203
133,1597,直得,2018_06_18,1597_直得_2018-06-18_下午12:39:41.txt,下午12:39:41,c21221203
134,2233,宇隆,2018_06_18,2233_宇隆_2018-06-18_下午12:40:19.txt,下午12:40:19,c21221203
135,4554,橙的,2018_06_18,4554_橙的_2018-06-18_下午12:40:50.txt,下午12:40:50,c21221203
136,3042,晶技,2018_06_18,3042_晶技_2018-06-18_下午12:41:11.txt,下午12:41:11,c21221203
137,6456,GIS-KY,2018_06_18,6456_GIS-KY_2018-06-18_下午12:41:50.txt,下午12:41:50,c21221203
138,6456,GIS-KY,2018_06_18,6456_GIS-KY_2018-06-18_下午12:42:10.txt,下午12:42:10,c21221203
139,6573,虹揚-KY,2018_06_18,6573_虹揚-KY_2018-06-18_下午12:42:34.txt,下午12:42:34,c21221203
140,4566,時碩工業,2018_06_18,4566_時碩工業_2018-06-18_下午12:42:49.txt,下午12:42:49,c21221203
141,1786,科妍,2018_06_18,1786_科妍_2018-06-18_下午12:43:23.txt,下午12:43:23,c21221203
142,1507,永大,2018_06_18,1507_永大_2018-06-18_下午12:43:34.txt,下午12:43:34,c21221203
143,3189,景碩,2018_06_18,3189_景碩_2018-06-18_下午12:44:06.txt,下午12:44:06,c21221203
144,3189,景碩,2018_06_18,3189_景碩_2018-06-18_下午12:44:22.txt,下午12:44:22,c21221203
145,3008,大立光,2018_06_18,3008_大立光_2018-06-18_下午12:44:36.txt,下午12:44:36,c21221203
146,6435,大中,2018_06_18,6435_大中_2018-06-18_下午12:44:57.txt,下午12:44:57,c21221203
147,6138,茂達,2018_06_18,6138_茂達_2018-06-18_下午12:45:10.txt,下午12:45:10,c21221203
148,1718,中纖,2018_06_18,1718_中纖_2018-06-18_下午12:45:27.txt,下午12:45:27,c21221203
149,2344,華邦電,2018_06_18,2344_華邦電_2018-06-18_下午12:45:46.txt,下午12:45:46,c21221203
150,9958,世紀鋼,2018_06_18,9958_世紀鋼_2018-06-18_下午12:46:43.txt,下午12:46:43,c21221203
151,2327,國巨,2018_06_18,2327_國巨_2018-06-18_下午12:47:19.txt,下午12:47:19,c21221203
152,5349,先豐,2018_06_18,5349_先豐_2018-06-18_下午12:48:17.txt,下午12:48:17,c21221203
153,1568,倉佑,2018_06_18,1568_倉佑_2018-06-18_下午12:48:36.txt,下午12:48:36,c21221203
154,2383,台光電,2018_06_18,2383_台光電_2018-06-18_下午12:49:22.txt,下午12:49:22,c21221203
155,2637,慧洋-KY,2018_06_18,2637_慧洋-KY_2018-06-18_下午12:51:14.txt,下午12:51:14,c21221203
156,5305,敦南,2018_06_18,5305_敦南_2018-06-18_下午12:52:03.txt,下午12:52:03,c21221203
157,1476,儒鴻,2018_06_18,1476_儒鴻_2018-06-18_下午12:52:48.txt,下午12:52:48,c21221203
158,1476,儒鴻,2018_06_18,1476_儒鴻_2018-06-18_下午12:53:05.txt,下午12:53:05,c21221203
159,8255,朋程,2018_06_18,8255_朋程_2018-06-18_下午12:53:57.txt,下午12:53:57,c21221203
160,5609,中菲行,2018_06_20,5609_中菲行_2018-06-20_4:48:04_PM.txt,4:48:04_PM,popowing
161,2456,奇力新,2018_06_20,2456_奇力新_2018-06-20_8:27:04_PM.txt,8:27:04_PM,popowing
162,4563,百德,2018_06_20,4563_百德_2018-06-20_9:48:47_PM.txt,9:48:47_PM,popowing
163,6230,超眾,2018_06_26,6230_超眾_2018-06-26_9:42:26_PM.txt,9:42:26_PM,popowing
164,8074,鉅橡,2018_06_27,8074_鉅橡_2018-06-27_上午1:18:44.txt,上午1:18:44,c21221203
165,1319,東陽,2018_06_27,1319_東陽_2018-06-27_上午1:18:59.txt,上午1:18:59,c21221203
166,1582,信錦,2018_06_27,1582_信錦_2018-06-27_上午1:19:16.txt,上午1:19:16,c21221203
167,9914,美利達,2018_06_27,9914_美利達_2018-06-27_上午1:19:32.txt,上午1:19:32,c21221203
168,1312,國喬,2018_06_27,1312_國喬_2018-06-27_上午1:19:46.txt,上午1:19:46,c21221203
169,6573,虹揚-KY,2018_06_27,6573_虹揚-KY_2018-06-27_上午1:20:21.txt,上午1:20:21,c21221203
170,4563,百德,2018_06_27,4563_百德_2018-06-27_上午1:20:38.txt,上午1:20:38,c21221203
171,8415,大國鋼,2018_06_27,8415_大國鋼_2018-06-27_上午1:20:52.txt,上午1:20:52,c21221203
172,2030,彰源,2018_06_27,2030_彰源_2018-06-27_上午1:21:15.txt,上午1:21:15,c21221203
173,8105,凌巨,2018_06_27,8105_凌巨_2018-06-27_上午1:21:23.txt,上午1:21:23,c21221203
174,8105,凌巨,2018_06_27,8105_凌巨_2018-06-27_上午1:21:37.txt,上午1:21:37,c21221203
175,5434,崇越,2018_06_27,5434_崇越_2018-06-27_上午1:21:49.txt,上午1:21:49,c21221203
176,6238,勝麗,2018_06_27,6238_勝麗_2018-06-27_上午1:22:07.txt,上午1:22:07,c21221203
177,3548,兆利,2018_06_27,3548_兆利_2018-06-27_上午1:22:44.txt,上午1:22:44,c21221203
178,2456,奇力新,2018_06_27,2456_奇力新_2018-06-27_上午1:23:04.txt,上午1:23:04,c21221203
179,2301,光寶科,2018_06_27,2301_光寶科_2018-06-27_上午1:23:47.txt,上午1:23:47,c21221203
180,6449,鈺邦,2018_06_27,6449_鈺邦_2018-06-27_上午1:23:59.txt,上午1:23:59,c21221203
181,2464,盟立,2018_06_28,2464_盟立_2018-06-28_3:00:15_PM.txt,3:00:15_PM,popowing
182,3443,創意,2018_06_28,3443_創意_2018-06-28_3:00:33_PM.txt,3:00:33_PM,popowing
183,4137,麗豐-KY,2018_07_11,4137_麗豐-KY_2018-07-11_上午12:36:17.txt,上午12:36:17,c21221203
184,1591,駿吉-KY,2018_07_11,1591_駿吉-KY_2018-07-11_上午12:36:33.txt,上午12:36:33,c21221203
185,1727,中華化,2018_07_11,1727_中華化_2018-07-11_上午12:36:54.txt,上午12:36:54,c21221203
186,5903,全家,2018_07_11,5903_全家_2018-07-11_上午12:37:05.txt,上午12:37:05,c21221203
187,5903,全家,2018_07_11,5903_全家_2018-07-11_上午12:37:22.txt,上午12:37:22,c21221203
188,1455,集盛,2018_07_11,1455_集盛_2018-07-11_上午12:38:19.txt,上午12:38:19,c21221203
189,1591,駿吉-KY,2018_07_11,1591_駿吉-KY_2018-07-11_上午12:38:29.txt,上午12:38:29,c21221203
190,1455,集盛,2018_07_11,1455_集盛_2018-07-11_上午12:38:42.txt,上午12:38:42,c21221203
191,8463,潤泰材,2018_07_11,8463_潤泰材_2018-07-11_上午12:38:58.txt,上午12:38:58,c21221203
192,6175,立敦,2018_07_11,6175_立敦_2018-07-11_上午12:39:10.txt,上午12:39:10,c21221203
193,8163,達方,2018_07_11,8163_達方_2018-07-11_上午12:39:30.txt,上午12:39:30,c21221203
194,1592,英瑞-KY,2018_07_11,1592_英瑞-KY_2018-07-11_上午12:39:42.txt,上午12:39:42,c21221203
195,8349,恒耀,2018_07_11,8349_恒耀_2018-07-11_上午12:39:54.txt,上午12:39:54,c21221203
196,6123,上奇,2018_07_11,6123_上奇_2018-07-11_上午12:40:06.txt,上午12:40:06,c21221203
197,6609,瀧澤科,2018_07_11,6609_瀧澤科_2018-07-11_上午12:42:25.txt,上午12:42:25,c21221203
198,6609,瀧澤科,2018_07_11,6609_瀧澤科_2018-07-11_上午12:42:38.txt,上午12:42:38,c21221203
199,2426,鼎元,2018_07_11,2426_鼎元_2018-07-11_上午12:42:57.txt,上午12:42:57,c21221203
200,4912,聯德控股-KY,2018_07_11,4912_聯德控股-KY_2018-07-11_上午12:43:13.txt,上午12:43:13,c21221203
201,5349,先豐,2018_07_11,5349_先豐_2018-07-11_上午12:44:20.txt,上午12:44:20,c21221203
202,4736,泰博,2018_07_11,4736_泰博_2018-07-11_上午12:45:17.txt,上午12:45:17,c21221203
203,2347,聯強,2018_07_11,2347_聯強_2018-07-11_上午12:45:33.txt,上午12:45:33,c21221203
204,2347,聯強,2018_07_11,2347_聯強_2018-07-11_上午12:45:49.txt,上午12:45:49,c21221203
205,7402,邑錡,2018_07_11,7402_邑錡_2018-07-11_上午12:46:01.txt,上午12:46:01,c21221203
206,7402,邑錡,2018_07_11,7402_邑錡_2018-07-11_上午12:47:09.txt,上午12:47:09,c21221203
207,3455,由田,2018_07_11,3455_由田_2018-07-11_上午12:47:20.txt,上午12:47:20,c21221203
208,3501,維熹,2018_07_11,3501_維熹_2018-07-11_上午12:47:34.txt,上午12:47:34,c21221203
209,4123,晟德,2018_07_11,4123_晟德_2018-07-11_上午12:47:54.txt,上午12:47:54,c21221203
210,6207,雷科,2018_07_11,6207_雷科_2018-07-11_上午12:48:07.txt,上午12:48:07,c21221203
211,6207,雷科,2018_07_11,6207_雷科_2018-07-11_上午12:48:19.txt,上午12:48:19,c21221203
212,1723,中碳,2018_07_11,1723_中碳_2018-07-11_上午12:49:20.txt,上午12:49:20,c21221203
213,4526,東台,2018_07_16,4526_東台_2018-07-16_5:19:36_PM.txt,5:19:36_PM,popowing
214,4526,東台,2018_07_28,4526_東台_2018-07-28_下午7:28:38.txt,下午7:28:38,c21221203
215,1787,福盈科,2018_07_28,1787_福盈科_2018-07-28_下午7:29:11.txt,下午7:29:11,c21221203
216,2367,燿華,2018_07_28,2367_燿華_2018-07-28_下午7:29:26.txt,下午7:29:26,c21221203
217,2409,友達,2018_07_28,2409_友達_2018-07-28_下午7:29:47.txt,下午7:29:47,c21221203
218,2337,旺宏,2018_07_28,2337_旺宏_2018-07-28_下午7:30:03.txt,下午7:30:03,c21221203
219,2636,台驊投控,2018_07_28,2636_台驊投控_2018-07-28_下午7:30:15.txt,下午7:30:15,c21221203
220,2337,旺宏,2018_07_28,2337_旺宏_2018-07-28_下午7:30:29.txt,下午7:30:29,c21221203
221,1730,花仙子,2018_07_28,1730_花仙子_2018-07-28_下午7:31:21.txt,下午7:31:21,c21221203
222,8112,至上,2018_07_28,8112_至上_2018-07-28_下午7:31:41.txt,下午7:31:41,c21221203
223,2501,國建,2018_07_28,2501_國建_2018-07-28_下午7:32:17.txt,下午7:32:17,c21221203
224,4105,東洋,2018_07_28,4105_東洋_2018-07-28_下午7:32:41.txt,下午7:32:41,c21221203
225,4763,材料-KY,2018_07_28,4763_材料-KY_2018-07-28_下午7:33:02.txt,下午7:33:02,c21221203
226,4763,材料-KY,2018_07_28,4763_材料-KY_2018-07-28_下午7:33:13.txt,下午7:33:13,c21221203
227,5203,訊連,2018_07_28,5203_訊連_2018-07-28_下午7:33:36.txt,下午7:33:36,c21221203
228,4105,東洋,2018_07_28,4105_東洋_2018-07-28_下午7:34:37.txt,下午7:34:37,c21221203
229,4105,東洋,2018_07_28,4105_東洋_2018-07-28_下午7:34:53.txt,下午7:34:53,c21221203
230,5203,訊連,2018_07_28,5203_訊連_2018-07-28_下午7:35:20.txt,下午7:35:20,c21221203
231,3661,世芯-KY,2018_07_28,3661_世芯-KY_2018-07-28_下午7:35:39.txt,下午7:35:39,c21221203
232,6574,霈方,2018_07_28,6574_霈方_2018-07-28_下午7:35:52.txt,下午7:35:52,c21221203
233,NULL,NULL,2018_07_28,__2018-07-28_下午7:37:44.txt,下午7:37:44,c21221203
234,6239,力成,2018_07_28,6239_力成_2018-07-28_下午7:38:00.txt,下午7:38:00,c21221203
235,1314,中石化,2018_07_28,1314_中石化_2018-07-28_下午7:38:11.txt,下午7:38:11,c21221203
236,1314,中石化,2018_07_28,1314_中石化_2018-07-28_下午7:38:24.txt,下午7:38:24,c21221203
237,4927,泰鼎-KY,2018_07_28,4927_泰鼎-KY_2018-07-28_下午7:38:25.txt,下午7:38:25,c21221203
238,4927,泰鼎-KY,2018_07_28,4927_泰鼎-KY_2018-07-28_下午7:38:54.txt,下午7:38:54,c21221203
239,4927,泰鼎-KY,2018_07_28,4927_泰鼎-KY_2018-07-28_下午7:40:03.txt,下午7:40:03,c21221203
240,1702,南僑,2018_07_28,1702_南僑_2018-07-28_下午7:40:12.txt,下午7:40:12,c21221203
241,1702,南僑,2018_07_28,1702_南僑_2018-07-28_下午7:40:24.txt,下午7:40:24,c21221203
242,2231,為升,2018_07_28,2231_為升_2018-07-28_下午7:40:55.txt,下午7:40:55,c21221203
243,2231,為升,2018_07_28,2231_為升_2018-07-28_下午7:41:35.txt,下午7:41:35,c21221203
244,1527,鑽全,2018_07_28,1527_鑽全_2018-07-28_下午7:41:52.txt,下午7:41:52,c21221203
245,NULL,NULL,2018_07_28,__2018-07-28_下午7:42:10.txt,下午7:42:10,c21221203
246,3105,穩懋,2018_07_28,3105_穩懋_2018-07-28_下午7:42:28.txt,下午7:42:28,c21221203
247,3105,穩懋,2018_07_28,3105_穩懋_2018-07-28_下午7:42:43.txt,下午7:42:43,c21221203
248,6288,聯嘉光電,2018_07_28,6288_聯嘉光電_2018-07-28_下午7:43:09.txt,下午7:43:09,c21221203
249,2382,廣達,2018_07_28,2382_廣達_2018-07-28_下午7:43:21.txt,下午7:43:21,c21221203
250,4528,江興鍛,2018_07_28,4528_江興鍛_2018-07-28_下午7:43:33.txt,下午7:43:33,c21221203
251,2010,春源,2018_07_28,2010_春源_2018-07-28_下午7:43:53.txt,下午7:43:53,c21221203
252,5536,聖暉,2018_07_28,5536_聖暉_2018-07-28_下午7:44:08.txt,下午7:44:08,c21221203
253,8942,森鉅,2018_07_28,8942_森鉅_2018-07-28_下午7:44:22.txt,下午7:44:22,c21221203
254,1210,大成,2018_07_28,1210_大成_2018-07-28_下午7:45:06.txt,下午7:45:06,c21221203
255,8044,網家,2018_07_28,8044_網家_2018-07-28_下午7:45:17.txt,下午7:45:17,c21221203
256,6230,超眾,2018_07_28,6230_超眾_2018-07-28_下午7:46:41.txt,下午7:46:41,c21221203
257,4549,桓達,2018_07_28,4549_桓達_2018-07-28_下午7:47:38.txt,下午7:47:38,c21221203
258,2408,南亞科,2018_07_28,2408_南亞科_2018-07-28_下午7:47:54.txt,下午7:47:54,c21221203
259,3089,遠昇,2018_07_28,3089_遠昇_2018-07-28_下午7:48:40.txt,下午7:48:40,c21221203
260,2327,國巨,2018_07_28,2327_國巨_2018-07-28_下午7:50:31.txt,下午7:50:31,c21221203
261,2939,凱羿-KY,2018_07_28,2939_凱羿-KY_2018-07-28_下午7:50:51.txt,下午7:50:51,c21221203
262,2368,金像電,2018_07_28,2368_金像電_2018-07-28_下午7:51:08.txt,下午7:51:08,c21221203
263,3041,揚智,2018_07_28,3041_揚智_2018-07-28_下午7:52:36.txt,下午7:52:36,c21221203
264,4540,全球傳動,2018_07_28,4540_全球傳動_2018-07-28_下午7:52:52.txt,下午7:52:52,c21221203
265,3008,大立光,2018_07_28,3008_大立光_2018-07-28_下午7:54:03.txt,下午7:54:03,c21221203
266,6230,超眾,2018_07_28,6230_超眾_2018-07-28_下午7:54:20.txt,下午7:54:20,c21221203
267,8341,日友,2018_07_28,8341_日友_2018-07-28_下午7:54:37.txt,下午7:54:37,c21221203
268,2729,瓦城,2018_07_28,2729_瓦城_2018-07-28_下午7:54:52.txt,下午7:54:52,c21221203
269,4438,廣越,2018_07_28,4438_廣越_2018-07-28_下午7:55:05.txt,下午7:55:05,c21221203
270,6141,柏承,2018_07_28,6141_柏承_2018-07-28_下午7:56:07.txt,下午7:56:07,c21221203
271,2313,華通,2018_10_08,2313_華通_2018-10-08_下午1:27:10.txt,下午1:27:10,popowing
272,2439,美律,2018_10_08,2439_美律_2018-10-08_下午1:28:04.txt,下午1:28:04,popowing
273,9958,世紀鋼,2018_10_08,9958_世紀鋼_2018-10-08_下午1:28:17.txt,下午1:28:17,popowing
274,4536,拓凱,2018_10_08,4536_拓凱_2018-10-08_下午1:28:49.txt,下午1:28:49,popowing
275,2208,台船,2018_10_08,2208_台船_2018-10-08_下午1:29:03.txt,下午1:29:03,popowing
276,2748,雲品,2018_10_08,2748_雲品_2018-10-08_下午1:29:18.txt,下午1:29:18,popowing
277,2405,浩鑫,2018_10_08,2405_浩鑫_2018-10-08_下午1:29:30.txt,下午1:29:30,popowing
278,4915,致伸,2018_10_08,4915_致伸_2018-10-08_下午1:29:45.txt,下午1:29:45,popowing
279,3008,大立光,2018_10_08,3008_大立光_2018-10-08_下午1:30:28.txt,下午1:30:28,popowing
280,6654,天正國際,2018_10_08,6654_天正國際_2018-10-08_下午1:30:39.txt,下午1:30:39,popowing
281,3661,世芯-KY,2018_10_08,3661_世芯-KY_2018-10-08_下午1:31:08.txt,下午1:31:08,popowing
282,1712,興農,2018_10_08,1712_興農_2018-10-08_下午1:31:57.txt,下午1:31:57,popowing
283,4513,福裕,2018_10_08,4513_福裕_2018-10-08_下午1:32:38.txt,下午1:32:38,popowing
284,2439,美律,2018_10_08,2439_美律_2018-10-08_下午1:34:07.txt,下午1:34:07,popowing
285,3360,尚立,2018_10_08,3360_尚立_2018-10-08_下午1:34:37.txt,下午1:34:37,popowing
286,1909,榮成,2018_10_08,1909_榮成_2018-10-08_下午1:36:09.txt,下午1:36:09,popowing
287,2345,智邦,2018_10_08,2345_智邦_2018-10-08_下午1:58:15.txt,下午1:58:15,popowing
288,4438,廣越,2018_10_08,4438_廣越_2018-10-08_下午1:59:07.txt,下午1:59:07,popowing
289,6257,矽格,2018_10_08,6257_矽格_2018-10-08_下午1:59:59.txt,下午1:59:59,popowing
290,6207,雷科,2018_10_08,6207_雷科_2018-10-08_下午2:00:15.txt,下午2:00:15,popowing
291,4528,江興鍛,2018_10_08,4528_江興鍛_2018-10-08_下午2:01:28.txt,下午2:01:28,popowing
292,2421,建準,2018_10_08,2421_建準_2018-10-08_下午2:01:42.txt,下午2:01:42,popowing
293,2204,中華,2018_10_08,2204_中華_2018-10-08_下午2:02:02.txt,下午2:02:02,popowing
294,2201,裕隆,2018_10_08,2201_裕隆_2018-10-08_下午2:02:16.txt,下午2:02:16,popowing
295,3563,牧德,2018_10_08,3563_牧德_2018-10-08_下午2:03:22.txt,下午2:03:22,popowing
296,3037,欣興,2018_10_08,3037_欣興_2018-10-08_下午7:20:48.txt,下午7:20:48,c21221203
297,3008,大立光,2018_10_13,3008_大立光_2018-10-13_下午12:39:11.txt,下午12:39:11,c21221203
298,2367,燿華,2018_10_13,2367_燿華_2018-10-13_下午12:50:58.txt,下午12:50:58,c21221203
299,9938,百和,2018_10_16,9938_百和_2018-10-16_上午10:14:46.txt,上午10:14:46,popowing
300,9938,百和,2018_10_16,9938_百和_2018-10-16_上午10:15:24.txt,上午10:15:24,popowing
301,8404,百和興業-KY,2018_10_16,8404_百和興業-KY_2018-10-16_上午10:15:54.txt,上午10:15:54,popowing
302,3583,辛耘,2018_10_16,3583_辛耘_2018-10-16_上午10:16:15.txt,上午10:16:15,popowing
303,2492,華新科,2018_10_16,2492_華新科_2018-10-16_下午5:28:59.txt,下午5:28:59,popowing
304,8462,柏文,2018_10_16,8462_柏文_2018-10-16_下午5:30:36.txt,下午5:30:36,popowing
305,1702,南僑,2018_10_25,1702_南僑_2018-10-25_18:31:13.txt,18:31:13,popowing
306,2739,寒舍,2018_10_25,2739_寒舍_2018-10-25_18:31:46.txt,18:31:46,popowing
307,3501,維熹,2018_10_25,3501_維熹_2018-10-25_18:32:09.txt,18:32:09,popowing
308,2368,金像電,2018_10_25,2368_金像電_2018-10-25_18:34:24.txt,18:34:24,popowing
309,1220,台榮,2018_10_25,1220_台榮_2018-10-25_18:35:02.txt,18:35:02,popowing
310,1587,吉茂,2018_10_25,1587_吉茂_2018-10-25_18:35:13.txt,18:35:13,popowing
311,2385,群光,2018_10_25,2385_群光_2018-10-25_18:35:23.txt,18:35:23,popowing
312,6655,科定,2018_10_25,6655_科定_2018-10-25_18:35:36.txt,18:35:36,popowing
313,1436,華友聯,2018_10_25,1436_華友聯_2018-10-25_18:35:49.txt,18:35:49,popowing
314,5907,大洋-KY,2018_10_25,5907_大洋-KY_2018-10-25_18:36:03.txt,18:36:03,popowing
315,9937,全國,2018_10_25,9937_全國_2018-10-25_18:36:18.txt,18:36:18,popowing
316,5607,遠雄港,2018_10_25,5607_遠雄港_2018-10-25_18:36:28.txt,18:36:28,popowing
317,4117,普生,2018_10_25,4117_普生_2018-10-25_18:36:39.txt,18:36:39,popowing
318,8462,柏文,2018_10_25,8462_柏文_2018-10-25_18:36:49.txt,18:36:49,popowing
319,2636,台驊投控,2018_10_25,2636_台驊投控_2018-10-25_18:37:43.txt,18:37:43,popowing
320,4130,健亞,2018_10_25,4130_健亞_2018-10-25_18:37:51.txt,18:37:51,popowing
321,5299,杰力,2018_10_25,5299_杰力_2018-10-25_18:37:59.txt,18:37:59,popowing
322,1591,駿吉-KY,2018_10_25,1591_駿吉-KY_2018-10-25_18:38:09.txt,18:38:09,popowing
323,2377,微星,2018_10_25,2377_微星_2018-10-25_18:38:38.txt,18:38:38,popowing
324,2885,元大金,2018_10_25,2885_元大金_2018-10-25_18:39:13.txt,18:39:13,popowing
325,3530,晶相光,2018_11_09,3530_晶相光_2018-11-09_下午2:55:06.txt,下午2:55:06,popowing
326,2412,中華電,2018_11_09,2412_中華電_2018-11-09_下午2:55:52.txt,下午2:55:52,popowing
327,8420,明揚,2018_11_09,8420_明揚_2018-11-09_下午2:57:01.txt,下午2:57:01,popowing
328,2351,順德,2018_11_15,2351_順德_2018-11-15_下午4:00:28.txt,下午4:00:28,popowing
329,2103,台橡,2018_11_15,2103_台橡_2018-11-15_下午4:01:10.txt,下午4:01:10,popowing
330,8478,東哥遊艇,2018_11_15,8478_東哥遊艇_2018-11-15_下午4:01:45.txt,下午4:01:45,popowing
331,2115,六暉-KY,2018_11_15,2115_六暉-KY_2018-11-15_下午4:01:58.txt,下午4:01:58,popowing
332,6581,鋼聯,2018_11_15,6581_鋼聯_2018-11-15_下午4:02:25.txt,下午4:02:25,popowing
333,1476,儒鴻,2018_11_15,1476_儒鴻_2018-11-15_下午4:02:38.txt,下午4:02:38,popowing
334,9914,美利達,2018_11_15,9914_美利達_2018-11-15_下午4:03:06.txt,下午4:03:06,popowing
335,3679,新至陞,2018_11_15,3679_新至陞_2018-11-15_下午4:03:20.txt,下午4:03:20,popowing
336,4938,和碩,2018_11_15,4938_和碩_2018-11-15_下午4:03:29.txt,下午4:03:29,popowing
337,2643,捷迅,2018_11_15,2643_捷迅_2018-11-15_下午4:03:46.txt,下午4:03:46,popowing
338,3552,同致,2018_11_15,3552_同致_2018-11-15_下午4:03:57.txt,下午4:03:57,popowing
339,3455,由田,2018_11_15,3455_由田_2018-11-15_下午4:04:13.txt,下午4:04:13,popowing
340,2352,佳世達,2018_11_15,2352_佳世達_2018-11-15_下午4:04:26.txt,下午4:04:26,popowing
341,2102,泰豐,2018_11_15,2102_泰豐_2018-11-15_下午4:04:47.txt,下午4:04:47,popowing
342,5609,中菲行,2018_11_15,5609_中菲行_2018-11-15_下午4:05:21.txt,下午4:05:21,popowing
343,2636,台驊投控,2018_11_15,2636_台驊投控_2018-11-15_下午4:05:57.txt,下午4:05:57,popowing
344,1326,台化,2018_11_15,1326_台化_2018-11-15_下午4:06:18.txt,下午4:06:18,popowing
345,2062,橋椿,2018_11_15,2062_橋椿_2018-11-15_下午4:06:31.txt,下午4:06:31,popowing
346,8454,富邦媒,2018_11_15,8454_富邦媒_2018-11-15_下午4:06:42.txt,下午4:06:42,popowing
347,3338,泰碩,2018_11_15,3338_泰碩_2018-11-15_下午4:07:17.txt,下午4:07:17,popowing
348,6670,復盛應用,2018_11_15,6670_復盛應用_2018-11-15_下午4:07:29.txt,下午4:07:29,popowing
349,5203,訊連,2018_11_15,5203_訊連_2018-11-15_下午4:08:17.txt,下午4:08:17,popowing
350,3272,東碩,2018_11_15,3272_東碩_2018-11-15_下午4:08:44.txt,下午4:08:44,popowing
351,2456,奇力新,2018_11_15,2456_奇力新_2018-11-15_下午4:10:47.txt,下午4:10:47,popowing
352,2474,可成,2018_11_15,2474_可成_2018-11-15_下午4:15:03.txt,下午4:15:03,popowing
353,6274,台燿,2018_11_15,6274_台燿_2018-11-15_下午4:16:27.txt,下午4:16:27,popowing
354,1323,永裕,2018_11_15,1323_永裕_2018-11-15_下午4:16:49.txt,下午4:16:49,popowing
355,6274,台燿,2018_11_15,6274_台燿_2018-11-15_下午4:18:26.txt,下午4:18:26,popowing
356,4803,VHQ-KY,2018_11_15,4803_VHQ-KY_2018-11-15_下午4:19:04.txt,下午4:19:04,popowing
357,1451,年興,2018_11_15,1451_年興_2018-11-15_下午4:19:30.txt,下午4:19:30,popowing
358,4958,臻鼎-KY,2018_11_15,4958_臻鼎-KY_2018-11-15_下午4:19:51.txt,下午4:19:51,popowing
359,2347,聯強,2018_11_15,2347_聯強_2018-11-15_下午4:20:05.txt,下午4:20:05,popowing
360,6121,新普,2018_11_15,6121_新普_2018-11-15_下午4:20:19.txt,下午4:20:19,popowing
361,6121,新普,2018_11_15,6121_新普_2018-11-15_下午4:21:16.txt,下午4:21:16,popowing
362,2891,中信金,2018_11_15,2891_中信金_2018-11-15_下午4:21:46.txt,下午4:21:46,popowing
363,3596,智易,2018_11_15,3596_智易_2018-11-15_下午4:21:58.txt,下午4:21:58,popowing
364,1476,儒鴻,2018_11_15,1476_儒鴻_2018-11-15_下午4:22:14.txt,下午4:22:14,popowing
365,2451,創見,2018_11_15,2451_創見_2018-11-15_下午4:22:25.txt,下午4:22:25,popowing
366,3036,文曄,2018_11_15,3036_文曄_2018-11-15_下午4:22:35.txt,下午4:22:35,popowing
367,3227,原相,2018_11_15,3227_原相_2018-11-15_下午4:23:03.txt,下午4:23:03,popowing
368,6285,啟碁,2018_11_15,6285_啟碁_2018-11-15_下午4:23:17.txt,下午4:23:17,popowing
369,8924,大田,2018_11_15,8924_大田_2018-11-15_下午4:23:39.txt,下午4:23:39,popowing
370,3234,光環,2018_11_27,3234_光環_2018-11-27_上午10:04:56.txt,上午10:04:56,c21221203
371,6504,南六,2018_11_27,6504_南六_2018-11-27_上午10:19:08.txt,上午10:19:08,c21221203
372,6504,南六,2018_11_27,6504_南六_2018-11-27_上午10:19:30.txt,上午10:19:30,c21221203
373,8046,南電,2018_11_27,8046_南電_2018-11-27_上午10:20:41.txt,上午10:20:41,c21221203
374,6409,旭隼,2018_11_27,6409_旭隼_2018-11-27_上午10:20:59.txt,上午10:20:59,c21221203
375,6409,旭隼,2018_11_27,6409_旭隼_2018-11-27_上午10:21:48.txt,上午10:21:48,c21221203
376,8016,矽創,2018_11_27,8016_矽創_2018-11-27_上午10:22:13.txt,上午10:22:13,c21221203
377,2383,台光電,2018_11_27,2383_台光電_2018-11-27_上午10:22:27.txt,上午10:22:27,c21221203
378,2511,太子,2018_11_27,2511_太子_2018-11-27_上午10:22:45.txt,上午10:22:45,c21221203
379,2511,太子,2018_11_27,2511_太子_2018-11-27_上午10:22:56.txt,上午10:22:56,c21221203
380,1710,東聯,2018_11_27,1710_東聯_2018-11-27_上午10:23:08.txt,上午10:23:08,c21221203
381,1736,喬山,2018_11_27,1736_喬山_2018-11-27_上午10:23:23.txt,上午10:23:23,c21221203
382,1736,喬山,2018_11_27,1736_喬山_2018-11-27_上午10:23:41.txt,上午10:23:41,c21221203
383,9939,宏全,2018_11_27,9939_宏全_2018-11-27_上午10:23:54.txt,上午10:23:54,c21221203
384,9914,美利達,2018_11_27,9914_美利達_2018-11-27_上午10:24:06.txt,上午10:24:06,c21221203
385,5530,龍巖,2018_11_27,5530_龍巖_2018-11-27_上午10:24:25.txt,上午10:24:25,c21221203
386,9802,鈺齊-KY,2018_11_27,9802_鈺齊-KY_2018-11-27_上午10:25:02.txt,上午10:25:02,c21221203
387,6235,華孚,2018_11_27,6235_華孚_2018-11-27_上午10:25:36.txt,上午10:25:36,c21221203
388,6235,華孚,2018_11_27,6235_華孚_2018-11-27_上午10:25:53.txt,上午10:25:53,c21221203
389,2460,建通,2018_11_27,2460_建通_2018-11-27_上午10:26:11.txt,上午10:26:11,c21221203
390,2460,建通,2018_11_27,2460_建通_2018-11-27_上午10:26:29.txt,上午10:26:29,c21221203
391,6205,詮欣,2018_11_27,6205_詮欣_2018-11-27_上午10:26:42.txt,上午10:26:42,c21221203
392,1532,勤美,2018_11_27,1532_勤美_2018-11-27_上午10:27:01.txt,上午10:27:01,c21221203
393,2436,偉詮電,2018_11_27,2436_偉詮電_2018-11-27_下午3:25:52.txt,下午3:25:52,c21221203
394,6462,神盾,2018_11_27,6462_神盾_2018-11-27_下午3:44:52.txt,下午3:44:52,c21221203
395,3380,明泰,2018_11_27,3380_明泰_2018-11-27_下午3:46:46.txt,下午3:46:46,c21221203
396,3380,明泰,2018_11_27,3380_明泰_2018-11-27_下午3:48:30.txt,下午3:48:30,c21221203
397,2103,台橡,2018_11_27,2103_台橡_2018-11-27_下午3:49:52.txt,下午3:49:52,c21221203
398,2313,華通,2018_11_27,2313_華通_2018-11-27_下午4:03:37.txt,下午4:03:37,c21221203
399,3661,世芯-KY,2018_11_27,3661_世芯-KY_2018-11-27_下午4:11:52.txt,下午4:11:52,c21221203
400,4528,江興鍛,2018_11_27,4528_江興鍛_2018-11-27_下午4:12:28.txt,下午4:12:28,c21221203
401,2233,宇隆,2018_11_27,2233_宇隆_2018-11-27_下午4:12:55.txt,下午4:12:55,c21221203
402,8431,匯鑽科,2018_11_27,8431_匯鑽科_2018-11-27_下午4:14:35.txt,下午4:14:35,c21221203
403,5009,榮剛,2018_11_28,5009_榮剛_2018-11-28_下午10:11:26.txt,下午10:11:26,c21221203
404,5009,榮剛,2018_11_28,5009_榮剛_2018-11-28_下午10:11:44.txt,下午10:11:44,c21221203
405,2609,陽明,2018_11_28,2609_陽明_2018-11-28_下午10:11:58.txt,下午10:11:58,c21221203
406,1229,聯華,2018_11_28,1229_聯華_2018-11-28_下午10:12:46.txt,下午10:12:46,c21221203
407,2464,盟立,2018_11_28,2464_盟立_2018-11-28_下午10:13:02.txt,下午10:13:02,c21221203
408,6279,胡連,2018_11_28,6279_胡連_2018-11-28_下午10:14:03.txt,下午10:14:03,c21221203
409,4105,東洋,2018_11_28,4105_東洋_2018-11-28_下午10:18:05.txt,下午10:18:05,c21221203
410,6462,神盾,2018_11_28,6462_神盾_2018-11-28_下午10:18:27.txt,下午10:18:27,c21221203
411,4148,全宇生技-KY,2018_12_22,4148_全宇生技-KY_2018-12-22_上午10:18:18.txt,上午10:18:18,c21221203
412,2377,微星,2018_12_22,2377_微星_2018-12-22_上午10:18:49.txt,上午10:18:49,c21221203
413,2377,微星,2018_12_22,2377_微星_2018-12-22_上午10:19:03.txt,上午10:19:03,c21221203
414,6213,聯茂,2018_12_22,6213_聯茂_2018-12-22_上午10:22:19.txt,上午10:22:19,c21221203
415,6213,聯茂,2018_12_22,6213_聯茂_2018-12-22_上午10:23:53.txt,上午10:23:53,c21221203
416,3605,宏致,2018_12_22,3605_宏致_2018-12-22_上午10:24:41.txt,上午10:24:41,c21221203
417,4137,麗豐-KY,2018_12_22,4137_麗豐-KY_2018-12-22_上午10:24:59.txt,上午10:24:59,c21221203
418,NULL,NULL,2018_12_22,__2018-12-22_上午10:25:36.txt,上午10:25:36,c21221203
419,6146,耕興,2018_12_22,6146_耕興_2018-12-22_上午10:26:29.txt,上午10:26:29,c21221203
420,6146,耕興,2018_12_22,6146_耕興_2018-12-22_上午10:26:42.txt,上午10:26:42,c21221203
421,2228,劍麟,2018_12_22,2228_劍麟_2018-12-22_上午10:27:00.txt,上午10:27:00,c21221203
422,3346,麗清,2018_12_22,3346_麗清_2018-12-22_上午10:27:19.txt,上午10:27:19,c21221203
423,9935,慶豐富,2018_12_22,9935_慶豐富_2018-12-22_上午10:27:33.txt,上午10:27:33,c21221203
424,3527,聚積,2018_12_22,3527_聚積_2018-12-22_上午10:28:29.txt,上午10:28:29,c21221203
425,3527,聚積,2018_12_22,3527_聚積_2018-12-22_上午10:30:13.txt,上午10:30:13,c21221203
426,1102,亞泥,2018_12_22,1102_亞泥_2018-12-22_上午10:30:57.txt,上午10:30:57,c21221203
427,8480,泰昇-KY,2018_12_22,8480_泰昇-KY_2018-12-22_上午10:31:18.txt,上午10:31:18,c21221203
428,8480,泰昇-KY,2018_12_22,8480_泰昇-KY_2018-12-22_上午10:35:36.txt,上午10:35:36,c21221203
429,6168,宏齊,2018_12_22,6168_宏齊_2018-12-22_上午10:40:41.txt,上午10:40:41,c21221203
430,3234,光環,2018_12_22,3234_光環_2018-12-22_上午10:41:13.txt,上午10:41:13,c21221203
431,6668,中揚光,2018_12_22,6668_中揚光_2018-12-22_上午10:42:05.txt,上午10:42:05,c21221203
432,6668,中揚光,2018_12_22,6668_中揚光_2018-12-22_上午10:42:25.txt,上午10:42:25,c21221203
433,6568,宏觀,2018_12_22,6568_宏觀_2018-12-22_上午10:42:48.txt,上午10:42:48,c21221203
434,6568,宏觀,2018_12_22,6568_宏觀_2018-12-22_上午10:43:27.txt,上午10:43:27,c21221203
435,1532,勤美,2018_12_22,1532_勤美_2018-12-22_上午10:44:02.txt,上午10:44:02,c21221203
436,4947,昂寶-KY,2018_12_25,4947_昂寶-KY_2018-12-25_下午3:48:17.txt,下午3:48:17,c21221203
437,4947,昂寶-KY,2018_12_25,4947_昂寶-KY_2018-12-25_下午3:48:36.txt,下午3:48:36,c21221203
438,3653,健策,2018_12_25,3653_健策_2018-12-25_下午3:49:06.txt,下午3:49:06,c21221203
439,1589,永冠-KY,2019_01_27,1589_永冠-KY_2019-01-27_下午5:34:17.txt,下午5:34:17,c21221203
440,5530,龍巖,2019_01_29,5530_龍巖_2019-01-29_上午10:40:02.txt,上午10:40:02,c21221203
441,3708,上緯,2019_01_30,3708_上緯_2019-01-30_下午1:45:00.txt,下午1:45:00,c21221203
442,2454,聯發科,2019_02_01,2454_聯發科_2019-02-01_下午12:46:39.txt,下午12:46:39,c21221203
443,8028,昇陽國際半導體,2019_02_20,8028_昇陽國際半導體_2019-02-20_下午3:06:03.txt,下午3:06:03,c21221203
