stockNum,stockName,date,filePath,inputTime,username
9911,櫻花,2018-05-30,9911_櫻花_2018-05-30.txt,2:22:45 PM,popowing
9914,美利達,2018-05-30,9914_美利達_2018-05-30.txt,2:23:12 PM,popowing
3346,麗清,2018-05-30,3346_麗清_2018-05-30.txt,2:23:26 PM,popowing
2603,長榮,2018-05-30,2603_長榮_2018-05-30.txt,2:24:05 PM,popowing
8462,柏文,2018-05-30,8462_柏文_2018-05-30.txt,2:24:14 PM,popowing
2472,立隆電,2018-06-01,2472_立隆電_2018-06-01.txt,10:02:28 AM,popowing
1256,鮮活果汁-KY,2018-06-01,1256_鮮活果汁-KY_2018-06-01.txt,10:02:48 AM,popowing
2349,錸德,2018-06-02,2349_錸德_2018-06-02.txt,下午5:22:40,c21221203
1256,鮮活果汁-KY,2018-06-02,1256_鮮活果汁-KY_2018-06-02.txt,下午6:51:43,c21221203
2472,立隆電,2018-06-02,2472_立隆電_2018-06-02.txt,下午6:52:10,c21221203
2015,豐興,2018-06-02,2015_豐興_2018-06-02.txt,下午6:52:37,c21221203
1314,中石化,2018-06-02,1314_中石化_2018-06-02.txt,下午6:52:58,c21221203
8926,台汽電,2018-06-02,8926_台汽電_2018-06-02.txt,下午6:54:27,c21221203
2204,中華,2018-06-02,2204_中華_2018-06-02.txt,下午6:54:45,c21221203
1525,江申,2018-06-02,1525_江申_2018-06-02.txt,下午6:55:02,c21221203
2227,裕日車,2018-06-02,2227_裕日車_2018-06-02.txt,下午6:55:16,c21221203
2201,裕隆,2018-06-02,2201_裕隆_2018-06-02.txt,下午6:55:31,c21221203
3221,台嘉碩,2018-06-02,3221_台嘉碩_2018-06-02.txt,下午6:55:44,c21221203
3221,台嘉碩,2018-06-02,3221_台嘉碩_2018-06-02.txt,下午6:55:59,c21221203
5299,杰力,2018-06-02,5299_杰力_2018-06-02.txt,下午6:56:19,c21221203
1455,集盛,2018-06-02,1455_集盛_2018-06-02.txt,下午6:56:37,c21221203
4966,譜瑞-KY,2018-06-02,4966_譜瑞-KY_2018-06-02.txt,下午6:56:53,c21221203
8222,寶一,2018-06-02,8222_寶一_2018-06-02.txt,下午6:57:07,c21221203
6206,飛捷,2018-06-02,6206_飛捷_2018-06-02.txt,下午6:57:20,c21221203
2456,奇力新,2018-06-02,2456_奇力新_2018-06-02.txt,下午6:57:34,c21221203
2492,華新科,2018-06-02,2492_華新科_2018-06-02.txt,下午6:57:47,c21221203
9911,櫻花,2018-06-02,9911_櫻花_2018-06-02.txt,下午6:58:00,c21221203
9914,美利達,2018-06-02,9914_美利達_2018-06-02.txt,下午6:58:10,c21221203
3346,麗清,2018-06-02,3346_麗清_2018-06-02.txt,下午6:58:20,c21221203
2456,奇力新,2018-06-02,2456_奇力新_2018-06-02.txt,下午6:58:59,c21221203
2492,華新科,2018-06-02,2492_華新科_2018-06-02.txt,下午6:59:15,c21221203
1440,南紡,2018-06-02,1440_南紡_2018-06-02.txt,下午6:59:28,c21221203
4739,康普,2018-06-02,4739_康普_2018-06-02.txt,下午6:59:37,c21221203
2448,晶電,2018-06-02,2448_晶電_2018-06-02.txt,下午6:59:48,c21221203
8349,恒耀,2018-06-02,8349_恒耀_2018-06-02.txt,下午7:00:13,c21221203
4739,康普,2018-06-02,4739_康普_2018-06-02.txt,下午7:00:35,c21221203
2539,櫻花建,2018-06-02,2539_櫻花建_2018-06-02.txt,下午7:00:48,c21221203
2062,橋椿,2018-06-02,2062_橋椿_2018-06-02.txt,下午7:00:58,c21221203
3708,上緯,2018-06-02,3708_上緯_2018-06-02.txt,下午7:01:08,c21221203
3310,佳穎,2018-06-02,3310_佳穎_2018-06-02.txt,下午7:01:18,c21221203
3026,禾伸堂,2018-06-02,3026_禾伸堂_2018-06-02.txt,下午7:01:29,c21221203
2327,國巨,2018-06-02,2327_國巨_2018-06-02.txt,下午7:02:05,c21221203
1305,華夏,2018-06-02,1305_華夏_2018-06-02.txt,下午7:02:20,c21221203
6213,聯茂,2018-06-02,6213_聯茂_2018-06-02.txt,下午7:02:45,c21221203
6153,嘉聯益,2018-06-02,6153_嘉聯益_2018-06-02.txt,下午7:03:00,c21221203
1309,台達化,2018-06-02,1309_台達化_2018-06-02.txt,下午7:03:17,c21221203
6238,勝麗,2018-06-02,6238_勝麗_2018-06-02.txt,下午7:04:03,c21221203
3413,京鼎,2018-06-02,3413_京鼎_2018-06-02.txt,下午7:04:13,c21221203
4142,國光生,2018-06-02,4142_國光生_2018-06-02.txt,下午7:04:24,c21221203
4107,邦特,2018-06-02,4107_邦特_2018-06-02.txt,下午7:04:34,c21221203
6591,動力-KY,2018-06-02,6591_動力-KY_2018-06-02.txt,下午7:04:49,c21221203
2377,微星,2018-06-02,2377_微星_2018-06-02.txt,下午7:04:58,c21221203
6576,逸達,2018-06-02,6576_逸達_2018-06-02.txt,下午7:05:10,c21221203
1904,正隆,2018-06-02,1904_正隆_2018-06-02.txt,下午7:05:23,c21221203
2377,微星,2018-06-02,2377_微星_2018-06-02.txt,下午7:05:34,c21221203
4163,鐿鈦,2018-06-02,4163_鐿鈦_2018-06-02.txt,下午7:05:47,c21221203
3026,禾伸堂,2018-06-02,3026_禾伸堂_2018-06-02.txt,下午7:05:57,c21221203
2324,仁寶,2018-06-02,2324_仁寶_2018-06-02.txt,下午7:06:07,c21221203
1215,卜蜂,2018-06-02,1215_卜蜂_2018-06-02.txt,下午7:06:15,c21221203
1905,華紙,2018-06-02,1905_華紙_2018-06-02.txt,下午7:06:27,c21221203
2615,萬海,2018-06-02,2615_萬海_2018-06-02.txt,下午7:06:54,c21221203
2615,萬海,2018-06-02,2615_萬海_2018-06-02.txt,下午7:07:14,c21221203
3646,艾恩特,2018-06-02,3646_艾恩特_2018-06-02.txt,下午7:07:23,c21221203
1905,華紙,2018-06-02,1905_華紙_2018-06-02.txt,下午7:07:31,c21221203
1101,台泥,2018-06-02,1101_台泥_2018-06-02.txt,下午7:07:41,c21221203
2882,國泰金,2018-06-02,2882_國泰金_2018-06-02.txt,下午7:07:49,c21221203
8499,鼎炫-KY,2018-06-02,8499_鼎炫-KY_2018-06-02.txt,下午7:07:59,c21221203
8489,三貝德,2018-06-02,8489_三貝德_2018-06-02.txt,下午7:08:09,c21221203
2636,台驊投控,2018-06-02,2636_台驊投控_2018-06-02.txt,下午7:08:20,c21221203
2464,盟立,2018-06-02,2464_盟立_2018-06-02.txt,下午7:08:42,c21221203
2356,英業達,2018-06-02,2356_英業達_2018-06-02.txt,下午7:08:51,c21221203
3189,景碩,2018-06-02,3189_景碩_2018-06-02.txt,下午7:08:59,c21221203
2881,富邦金,2018-06-02,2881_富邦金_2018-06-02.txt,下午7:09:10,c21221203
6560,欣普羅,2018-06-02,6560_欣普羅_2018-06-02.txt,下午7:12:52,c21221203
2347,聯強,2018-06-02,2347_聯強_2018-06-02.txt,下午7:13:00,c21221203
5469,瀚宇博,2018-06-02,5469_瀚宇博_2018-06-02.txt,下午7:13:17,c21221203
3090,日電貿,2018-06-02,3090_日電貿_2018-06-02.txt,下午7:13:23,c21221203
2382,廣達,2018-06-02,2382_廣達_2018-06-02.txt,下午7:13:31,c21221203
1303,南亞,2018-06-02,1303_南亞_2018-06-02.txt,下午7:13:39,c21221203
1319,東陽,2018-06-02,1319_東陽_2018-06-02.txt,下午7:13:45,c21221203
4938,和碩,2018-06-02,4938_和碩_2018-06-02.txt,下午7:13:54,c21221203
6648,斯其大,2018-06-02,6648_斯其大_2018-06-02.txt,下午7:14:01,c21221203
2049,上銀,2018-06-02,2049_上銀_2018-06-02.txt,下午7:14:09,c21221203
6277,宏正,2018-06-02,6277_宏正_2018-06-02.txt,下午7:14:19,c21221203
4152,台微體,2018-06-02,4152_台微體_2018-06-02.txt,下午7:14:25,c21221203
2929,淘帝-KY,2018-06-02,2929_淘帝-KY_2018-06-02.txt,下午7:14:31,c21221203
1319,東陽,2018-06-02,1319_東陽_2018-06-02.txt,下午7:14:39,c21221203
3529,力旺,2018-06-02,3529_力旺_2018-06-02.txt,下午7:14:45,c21221203
2891,中信金,2018-06-02,2891_中信金_2018-06-02.txt,下午7:14:52,c21221203
4938,和碩,2018-06-02,4938_和碩_2018-06-02.txt,下午7:14:59,c21221203
2049,上銀,2018-06-02,2049_上銀_2018-06-02.txt,下午7:15:07,c21221203
6560,欣普羅,2018-06-02,6560_欣普羅_2018-06-02.txt,下午7:15:27,c21221203
5871,中租-KY,2018-06-02,5871_中租-KY_2018-06-02.txt,下午7:15:34,c21221203
5871,中租-KY,2018-06-02,5871_中租-KY_2018-06-02.txt,下午7:15:44,c21221203
3698,隆達,2018-06-02,3698_隆達_2018-06-02.txt,下午7:15:51,c21221203
1723,中碳,2018-06-02,1723_中碳_2018-06-02.txt,下午7:15:58,c21221203
3035,智原,2018-06-02,3035_智原_2018-06-02.txt,下午7:16:07,c21221203
2481,強茂,2018-06-03,2481_強茂_2018-06-03.txt,8:28:06 PM,popowing
6432,今展科,2018-06-05,6432_今展科_2018-06-05.txt,下午10:33:33,c21221203
6279,胡連,2018-06-06,6279_胡連_2018-06-06.txt,3:44:18 PM,popowing
4736,泰博,2018-06-06,4736_泰博_2018-06-06.txt,4:35:11 PM,popowing
5007,三星,2018-06-06,5007_三星_2018-06-06.txt,4:40:08 PM,popowing
8942,森鉅,2018-06-06,8942_森鉅_2018-06-06.txt,4:40:51 PM,popowing
4739,康普,2018-06-06,4739_康普_2018-06-06.txt,4:49:53 PM,popowing
3653,健策,2018-06-07,3653_健策_2018-06-07.txt,10:05:17 PM,popowing
3653,健策,2018-06-07,3653_健策_2018-06-07.txt,10:06:57 PM,popowing
2327,國巨,2018-06-11,2327_國巨_2018-06-11.txt,下午4:49:28,popowing
2327,國巨,2018-06-11,2327_國巨_2018-06-11.txt,下午8:10:53,c21221203
5349,先豐,2018-06-11,5349_先豐_2018-06-11.txt,下午8:11:57,c21221203
1568,倉佑,2018-06-11,1568_倉佑_2018-06-11.txt,下午8:12:20,c21221203
3008,大立光,2018-06-13,3008_大立光_2018-06-13.txt,6:54:03 AM,popowing
4566,時碩工業,2018-06-13,4566_時碩工業_2018-06-13.txt,4:58:33 PM,popowing
3189,景碩,2018-06-13,3189_景碩_2018-06-13.txt,7:36:30 PM,popowing
3354,律勝,2018-06-13,3354_律勝_2018-06-13.txt,10:54:51 PM,popowing
9951,皇田,2018-06-15,9951_皇田_2018-06-15.txt,4:08:19 PM,popowing
8942,森鉅,2018-06-15,8942_森鉅_2018-06-15.txt,4:09:36 PM,popowing
2017,官田鋼,2018-06-16,2017_官田鋼_2018-06-16.txt,11:09:59 AM,popowing
1229,聯華,2018-06-18,1229_聯華_2018-06-18.txt,下午12:00:40,c21221203
5347,世界,2018-06-18,5347_世界_2018-06-18.txt,下午12:01:25,c21221203
2342,茂矽,2018-06-18,2342_茂矽_2018-06-18.txt,下午12:01:52,c21221203
1532,勤美,2018-06-18,1532_勤美_2018-06-18.txt,下午12:02:26,c21221203
4991,環宇-KY,2018-06-18,4991_環宇-KY_2018-06-18.txt,下午12:02:44,c21221203
2017,官田鋼,2018-06-18,2017_官田鋼_2018-06-18.txt,下午12:03:05,c21221203
3019,亞光,2018-06-18,3019_亞光_2018-06-18.txt,下午12:06:00,c21221203
3189,景碩,2018-06-18,3189_景碩_2018-06-18.txt,下午12:06:24,c21221203
8499,鼎炫-KY,2018-06-18,8499_鼎炫-KY_2018-06-18.txt,下午12:06:38,c21221203
1560,中砂,2018-06-18,1560_中砂_2018-06-18.txt,下午12:06:50,c21221203
1560,中砂,2018-06-18,1560_中砂_2018-06-18.txt,下午12:07:05,c21221203
4912,聯德控股-KY,2018-06-18,4912_聯德控股-KY_2018-06-18.txt,下午12:07:21,c21221203
4912,聯德控股-KY,2018-06-18,4912_聯德控股-KY_2018-06-18.txt,下午12:07:34,c21221203
3376,新日興,2018-06-18,3376_新日興_2018-06-18.txt,下午12:07:47,c21221203
9934,成霖,2018-06-18,9934_成霖_2018-06-18.txt,下午12:39:36,c21221203
1597,直得,2018-06-18,1597_直得_2018-06-18.txt,下午12:39:41,c21221203
2233,宇隆,2018-06-18,2233_宇隆_2018-06-18.txt,下午12:40:19,c21221203
4554,橙的,2018-06-18,4554_橙的_2018-06-18.txt,下午12:40:50,c21221203
3042,晶技,2018-06-18,3042_晶技_2018-06-18.txt,下午12:41:11,c21221203
6456,GIS-KY,2018-06-18,6456_GIS-KY_2018-06-18.txt,下午12:41:50,c21221203
6456,GIS-KY,2018-06-18,6456_GIS-KY_2018-06-18.txt,下午12:42:10,c21221203
6573,虹揚-KY,2018-06-18,6573_虹揚-KY_2018-06-18.txt,下午12:42:34,c21221203
4566,時碩工業,2018-06-18,4566_時碩工業_2018-06-18.txt,下午12:42:49,c21221203
1786,科妍,2018-06-18,1786_科妍_2018-06-18.txt,下午12:43:23,c21221203
1507,永大,2018-06-18,1507_永大_2018-06-18.txt,下午12:43:34,c21221203
3189,景碩,2018-06-18,3189_景碩_2018-06-18.txt,下午12:44:06,c21221203
3189,景碩,2018-06-18,3189_景碩_2018-06-18.txt,下午12:44:22,c21221203
3008,大立光,2018-06-18,3008_大立光_2018-06-18.txt,下午12:44:36,c21221203
6435,大中,2018-06-18,6435_大中_2018-06-18.txt,下午12:44:57,c21221203
6138,茂達,2018-06-18,6138_茂達_2018-06-18.txt,下午12:45:10,c21221203
1718,中纖,2018-06-18,1718_中纖_2018-06-18.txt,下午12:45:27,c21221203
2344,華邦電,2018-06-18,2344_華邦電_2018-06-18.txt,下午12:45:46,c21221203
9958,世紀鋼,2018-06-18,9958_世紀鋼_2018-06-18.txt,下午12:46:43,c21221203
2327,國巨,2018-06-18,2327_國巨_2018-06-18.txt,下午12:47:19,c21221203
5349,先豐,2018-06-18,5349_先豐_2018-06-18.txt,下午12:48:17,c21221203
1568,倉佑,2018-06-18,1568_倉佑_2018-06-18.txt,下午12:48:36,c21221203
2383,台光電,2018-06-18,2383_台光電_2018-06-18.txt,下午12:49:22,c21221203
2637,慧洋-KY,2018-06-18,2637_慧洋-KY_2018-06-18.txt,下午12:51:14,c21221203
5305,敦南,2018-06-18,5305_敦南_2018-06-18.txt,下午12:52:03,c21221203
1476,儒鴻,2018-06-18,1476_儒鴻_2018-06-18.txt,下午12:52:48,c21221203
1476,儒鴻,2018-06-18,1476_儒鴻_2018-06-18.txt,下午12:53:05,c21221203
8255,朋程,2018-06-18,8255_朋程_2018-06-18.txt,下午12:53:57,c21221203
5609,中菲行,2018-06-20,5609_中菲行_2018-06-20.txt,4:48:04 PM,popowing
2456,奇力新,2018-06-20,2456_奇力新_2018-06-20.txt,8:27:04 PM,popowing
4563,百德,2018-06-20,4563_百德_2018-06-20.txt,9:48:47 PM,popowing
6230,超眾,2018-06-26,6230_超眾_2018-06-26.txt,9:42:26 PM,popowing
8074,鉅橡,2018-06-27,8074_鉅橡_2018-06-27.txt,上午1:18:44,c21221203
1319,東陽,2018-06-27,1319_東陽_2018-06-27.txt,上午1:18:59,c21221203
1582,信錦,2018-06-27,1582_信錦_2018-06-27.txt,上午1:19:16,c21221203
9914,美利達,2018-06-27,9914_美利達_2018-06-27.txt,上午1:19:32,c21221203
1312,國喬,2018-06-27,1312_國喬_2018-06-27.txt,上午1:19:46,c21221203
6573,虹揚-KY,2018-06-27,6573_虹揚-KY_2018-06-27.txt,上午1:20:21,c21221203
4563,百德,2018-06-27,4563_百德_2018-06-27.txt,上午1:20:38,c21221203
8415,大國鋼,2018-06-27,8415_大國鋼_2018-06-27.txt,上午1:20:52,c21221203
2030,彰源,2018-06-27,2030_彰源_2018-06-27.txt,上午1:21:15,c21221203
8105,凌巨,2018-06-27,8105_凌巨_2018-06-27.txt,上午1:21:23,c21221203
8105,凌巨,2018-06-27,8105_凌巨_2018-06-27.txt,上午1:21:37,c21221203
5434,崇越,2018-06-27,5434_崇越_2018-06-27.txt,上午1:21:49,c21221203
6238,勝麗,2018-06-27,6238_勝麗_2018-06-27.txt,上午1:22:07,c21221203
3548,兆利,2018-06-27,3548_兆利_2018-06-27.txt,上午1:22:44,c21221203
2456,奇力新,2018-06-27,2456_奇力新_2018-06-27.txt,上午1:23:04,c21221203
2301,光寶科,2018-06-27,2301_光寶科_2018-06-27.txt,上午1:23:47,c21221203
6449,鈺邦,2018-06-27,6449_鈺邦_2018-06-27.txt,上午1:23:59,c21221203
2464,盟立,2018-06-28,2464_盟立_2018-06-28.txt,3:00:15 PM,popowing
3443,創意,2018-06-28,3443_創意_2018-06-28.txt,3:00:33 PM,popowing
4137,麗豐-KY,2018-07-11,4137_麗豐-KY_2018-07-11.txt,上午12:36:17,c21221203
1591,駿吉-KY,2018-07-11,1591_駿吉-KY_2018-07-11.txt,上午12:36:33,c21221203
1727,中華化,2018-07-11,1727_中華化_2018-07-11.txt,上午12:36:54,c21221203
5903,全家,2018-07-11,5903_全家_2018-07-11.txt,上午12:37:05,c21221203
5903,全家,2018-07-11,5903_全家_2018-07-11.txt,上午12:37:22,c21221203
1455,集盛,2018-07-11,1455_集盛_2018-07-11.txt,上午12:38:19,c21221203
1591,駿吉-KY,2018-07-11,1591_駿吉-KY_2018-07-11.txt,上午12:38:29,c21221203
1455,集盛,2018-07-11,1455_集盛_2018-07-11.txt,上午12:38:42,c21221203
8463,潤泰材,2018-07-11,8463_潤泰材_2018-07-11.txt,上午12:38:58,c21221203
6175,立敦,2018-07-11,6175_立敦_2018-07-11.txt,上午12:39:10,c21221203
8163,達方,2018-07-11,8163_達方_2018-07-11.txt,上午12:39:30,c21221203
1592,英瑞-KY,2018-07-11,1592_英瑞-KY_2018-07-11.txt,上午12:39:42,c21221203
8349,恒耀,2018-07-11,8349_恒耀_2018-07-11.txt,上午12:39:54,c21221203
6123,上奇,2018-07-11,6123_上奇_2018-07-11.txt,上午12:40:06,c21221203
6609,瀧澤科,2018-07-11,6609_瀧澤科_2018-07-11.txt,上午12:42:25,c21221203
6609,瀧澤科,2018-07-11,6609_瀧澤科_2018-07-11.txt,上午12:42:38,c21221203
2426,鼎元,2018-07-11,2426_鼎元_2018-07-11.txt,上午12:42:57,c21221203
4912,聯德控股-KY,2018-07-11,4912_聯德控股-KY_2018-07-11.txt,上午12:43:13,c21221203
5349,先豐,2018-07-11,5349_先豐_2018-07-11.txt,上午12:44:20,c21221203
4736,泰博,2018-07-11,4736_泰博_2018-07-11.txt,上午12:45:17,c21221203
2347,聯強,2018-07-11,2347_聯強_2018-07-11.txt,上午12:45:33,c21221203
2347,聯強,2018-07-11,2347_聯強_2018-07-11.txt,上午12:45:49,c21221203
7402,邑錡,2018-07-11,7402_邑錡_2018-07-11.txt,上午12:46:01,c21221203
7402,邑錡,2018-07-11,7402_邑錡_2018-07-11.txt,上午12:47:09,c21221203
3455,由田,2018-07-11,3455_由田_2018-07-11.txt,上午12:47:20,c21221203
3501,維熹,2018-07-11,3501_維熹_2018-07-11.txt,上午12:47:34,c21221203
4123,晟德,2018-07-11,4123_晟德_2018-07-11.txt,上午12:47:54,c21221203
6207,雷科,2018-07-11,6207_雷科_2018-07-11.txt,上午12:48:07,c21221203
6207,雷科,2018-07-11,6207_雷科_2018-07-11.txt,上午12:48:19,c21221203
1723,中碳,2018-07-11,1723_中碳_2018-07-11.txt,上午12:49:20,c21221203
4526,東台,2018-07-16,4526_東台_2018-07-16.txt,5:19:36 PM,popowing
4526,東台,2018-07-28,4526_東台_2018-07-28.txt,下午7:28:38,c21221203
1787,福盈科,2018-07-28,1787_福盈科_2018-07-28.txt,下午7:29:11,c21221203
2367,燿華,2018-07-28,2367_燿華_2018-07-28.txt,下午7:29:26,c21221203
2409,友達,2018-07-28,2409_友達_2018-07-28.txt,下午7:29:47,c21221203
2337,旺宏,2018-07-28,2337_旺宏_2018-07-28.txt,下午7:30:03,c21221203
2636,台驊投控,2018-07-28,2636_台驊投控_2018-07-28.txt,下午7:30:15,c21221203
2337,旺宏,2018-07-28,2337_旺宏_2018-07-28.txt,下午7:30:29,c21221203
1730,花仙子,2018-07-28,1730_花仙子_2018-07-28.txt,下午7:31:21,c21221203
8112,至上,2018-07-28,8112_至上_2018-07-28.txt,下午7:31:41,c21221203
2501,國建,2018-07-28,2501_國建_2018-07-28.txt,下午7:32:17,c21221203
4105,東洋,2018-07-28,4105_東洋_2018-07-28.txt,下午7:32:41,c21221203
4763,材料-KY,2018-07-28,4763_材料-KY_2018-07-28.txt,下午7:33:02,c21221203
4763,材料-KY,2018-07-28,4763_材料-KY_2018-07-28.txt,下午7:33:13,c21221203
5203,訊連,2018-07-28,5203_訊連_2018-07-28.txt,下午7:33:36,c21221203
4105,東洋,2018-07-28,4105_東洋_2018-07-28.txt,下午7:34:37,c21221203
4105,東洋,2018-07-28,4105_東洋_2018-07-28.txt,下午7:34:53,c21221203
5203,訊連,2018-07-28,5203_訊連_2018-07-28.txt,下午7:35:20,c21221203
3661,世芯-KY,2018-07-28,3661_世芯-KY_2018-07-28.txt,下午7:35:39,c21221203
6574,霈方,2018-07-28,6574_霈方_2018-07-28.txt,下午7:35:52,c21221203
,,2018-07-28,__2018-07-28.txt,下午7:37:44,c21221203
6239,力成,2018-07-28,6239_力成_2018-07-28.txt,下午7:38:00,c21221203
1314,中石化,2018-07-28,1314_中石化_2018-07-28.txt,下午7:38:11,c21221203
1314,中石化,2018-07-28,1314_中石化_2018-07-28.txt,下午7:38:24,c21221203
4927,泰鼎-KY,2018-07-28,4927_泰鼎-KY_2018-07-28.txt,下午7:38:25,c21221203
4927,泰鼎-KY,2018-07-28,4927_泰鼎-KY_2018-07-28.txt,下午7:38:54,c21221203
4927,泰鼎-KY,2018-07-28,4927_泰鼎-KY_2018-07-28.txt,下午7:40:03,c21221203
1702,南僑,2018-07-28,1702_南僑_2018-07-28.txt,下午7:40:12,c21221203
1702,南僑,2018-07-28,1702_南僑_2018-07-28.txt,下午7:40:24,c21221203
2231,為升,2018-07-28,2231_為升_2018-07-28.txt,下午7:40:55,c21221203
2231,為升,2018-07-28,2231_為升_2018-07-28.txt,下午7:41:35,c21221203
1527,鑽全,2018-07-28,1527_鑽全_2018-07-28.txt,下午7:41:52,c21221203
,,2018-07-28,__2018-07-28.txt,下午7:42:10,c21221203
3105,穩懋,2018-07-28,3105_穩懋_2018-07-28.txt,下午7:42:28,c21221203
3105,穩懋,2018-07-28,3105_穩懋_2018-07-28.txt,下午7:42:43,c21221203
6288,聯嘉光電,2018-07-28,6288_聯嘉光電_2018-07-28.txt,下午7:43:09,c21221203
2382,廣達,2018-07-28,2382_廣達_2018-07-28.txt,下午7:43:21,c21221203
4528,江興鍛,2018-07-28,4528_江興鍛_2018-07-28.txt,下午7:43:33,c21221203
2010,春源,2018-07-28,2010_春源_2018-07-28.txt,下午7:43:53,c21221203
5536,聖暉,2018-07-28,5536_聖暉_2018-07-28.txt,下午7:44:08,c21221203
8942,森鉅,2018-07-28,8942_森鉅_2018-07-28.txt,下午7:44:22,c21221203
1210,大成,2018-07-28,1210_大成_2018-07-28.txt,下午7:45:06,c21221203
8044,網家,2018-07-28,8044_網家_2018-07-28.txt,下午7:45:17,c21221203
6230,超眾,2018-07-28,6230_超眾_2018-07-28.txt,下午7:46:41,c21221203
4549,桓達,2018-07-28,4549_桓達_2018-07-28.txt,下午7:47:38,c21221203
2408,南亞科,2018-07-28,2408_南亞科_2018-07-28.txt,下午7:47:54,c21221203
3089,遠昇,2018-07-28,3089_遠昇_2018-07-28.txt,下午7:48:40,c21221203
2327,國巨,2018-07-28,2327_國巨_2018-07-28.txt,下午7:50:31,c21221203
2939,凱羿-KY,2018-07-28,2939_凱羿-KY_2018-07-28.txt,下午7:50:51,c21221203
2368,金像電,2018-07-28,2368_金像電_2018-07-28.txt,下午7:51:08,c21221203
3041,揚智,2018-07-28,3041_揚智_2018-07-28.txt,下午7:52:36,c21221203
4540,全球傳動,2018-07-28,4540_全球傳動_2018-07-28.txt,下午7:52:52,c21221203
3008,大立光,2018-07-28,3008_大立光_2018-07-28.txt,下午7:54:03,c21221203
6230,超眾,2018-07-28,6230_超眾_2018-07-28.txt,下午7:54:20,c21221203
8341,日友,2018-07-28,8341_日友_2018-07-28.txt,下午7:54:37,c21221203
2729,瓦城,2018-07-28,2729_瓦城_2018-07-28.txt,下午7:54:52,c21221203
4438,廣越,2018-07-28,4438_廣越_2018-07-28.txt,下午7:55:05,c21221203
6141,柏承,2018-07-28,6141_柏承_2018-07-28.txt,下午7:56:07,c21221203
2313,華通,2018-10-08,2313_華通_2018-10-08.txt,下午1:27:10,popowing
2439,美律,2018-10-08,2439_美律_2018-10-08.txt,下午1:28:04,popowing
9958,世紀鋼,2018-10-08,9958_世紀鋼_2018-10-08.txt,下午1:28:17,popowing
4536,拓凱,2018-10-08,4536_拓凱_2018-10-08.txt,下午1:28:49,popowing
2208,台船,2018-10-08,2208_台船_2018-10-08.txt,下午1:29:03,popowing
2748,雲品,2018-10-08,2748_雲品_2018-10-08.txt,下午1:29:18,popowing
2405,浩鑫,2018-10-08,2405_浩鑫_2018-10-08.txt,下午1:29:30,popowing
4915,致伸,2018-10-08,4915_致伸_2018-10-08.txt,下午1:29:45,popowing
3008,大立光,2018-10-08,3008_大立光_2018-10-08.txt,下午1:30:28,popowing
6654,天正國際,2018-10-08,6654_天正國際_2018-10-08.txt,下午1:30:39,popowing
3661,世芯-KY,2018-10-08,3661_世芯-KY_2018-10-08.txt,下午1:31:08,popowing
1712,興農,2018-10-08,1712_興農_2018-10-08.txt,下午1:31:57,popowing
4513,福裕,2018-10-08,4513_福裕_2018-10-08.txt,下午1:32:38,popowing
2439,美律,2018-10-08,2439_美律_2018-10-08.txt,下午1:34:07,popowing
3360,尚立,2018-10-08,3360_尚立_2018-10-08.txt,下午1:34:37,popowing
1909,榮成,2018-10-08,1909_榮成_2018-10-08.txt,下午1:36:09,popowing
2345,智邦,2018-10-08,2345_智邦_2018-10-08.txt,下午1:58:15,popowing
4438,廣越,2018-10-08,4438_廣越_2018-10-08.txt,下午1:59:07,popowing
6257,矽格,2018-10-08,6257_矽格_2018-10-08.txt,下午1:59:59,popowing
6207,雷科,2018-10-08,6207_雷科_2018-10-08.txt,下午2:00:15,popowing
4528,江興鍛,2018-10-08,4528_江興鍛_2018-10-08.txt,下午2:01:28,popowing
2421,建準,2018-10-08,2421_建準_2018-10-08.txt,下午2:01:42,popowing
2204,中華,2018-10-08,2204_中華_2018-10-08.txt,下午2:02:02,popowing
2201,裕隆,2018-10-08,2201_裕隆_2018-10-08.txt,下午2:02:16,popowing
3563,牧德,2018-10-08,3563_牧德_2018-10-08.txt,下午2:03:22,popowing
3037,欣興,2018-10-08,3037_欣興_2018-10-08.txt,下午7:20:48,c21221203
3008,大立光,2018-10-13,3008_大立光_2018-10-13.txt,下午12:39:11,c21221203
2367,燿華,2018-10-13,2367_燿華_2018-10-13.txt,下午12:50:58,c21221203
9938,百和,2018-10-16,9938_百和_2018-10-16.txt,上午10:14:46,popowing
9938,百和,2018-10-16,9938_百和_2018-10-16.txt,上午10:15:24,popowing
8404,百和興業-KY,2018-10-16,8404_百和興業-KY_2018-10-16.txt,上午10:15:54,popowing
3583,辛耘,2018-10-16,3583_辛耘_2018-10-16.txt,上午10:16:15,popowing
2492,華新科,2018-10-16,2492_華新科_2018-10-16.txt,下午5:28:59,popowing
8462,柏文,2018-10-16,8462_柏文_2018-10-16.txt,下午5:30:36,popowing
1702,南僑,2018-10-25,1702_南僑_2018-10-25.txt,18:31:13 GMT+0800 (CST),popowing
2739,寒舍,2018-10-25,2739_寒舍_2018-10-25.txt,18:31:46 GMT+0800 (CST),popowing
3501,維熹,2018-10-25,3501_維熹_2018-10-25.txt,18:32:09 GMT+0800 (CST),popowing
2368,金像電,2018-10-25,2368_金像電_2018-10-25.txt,18:34:24 GMT+0800 (CST),popowing
1220,台榮,2018-10-25,1220_台榮_2018-10-25.txt,18:35:02 GMT+0800 (CST),popowing
1587,吉茂,2018-10-25,1587_吉茂_2018-10-25.txt,18:35:13 GMT+0800 (CST),popowing
2385,群光,2018-10-25,2385_群光_2018-10-25.txt,18:35:23 GMT+0800 (CST),popowing
6655,科定,2018-10-25,6655_科定_2018-10-25.txt,18:35:36 GMT+0800 (CST),popowing
1436,華友聯,2018-10-25,1436_華友聯_2018-10-25.txt,18:35:49 GMT+0800 (CST),popowing
5907,大洋-KY,2018-10-25,5907_大洋-KY_2018-10-25.txt,18:36:03 GMT+0800 (CST),popowing
9937,全國,2018-10-25,9937_全國_2018-10-25.txt,18:36:18 GMT+0800 (CST),popowing
5607,遠雄港,2018-10-25,5607_遠雄港_2018-10-25.txt,18:36:28 GMT+0800 (CST),popowing
4117,普生,2018-10-25,4117_普生_2018-10-25.txt,18:36:39 GMT+0800 (CST),popowing
8462,柏文,2018-10-25,8462_柏文_2018-10-25.txt,18:36:49 GMT+0800 (CST),popowing
2636,台驊投控,2018-10-25,2636_台驊投控_2018-10-25.txt,18:37:43 GMT+0800 (CST),popowing
4130,健亞,2018-10-25,4130_健亞_2018-10-25.txt,18:37:51 GMT+0800 (CST),popowing
5299,杰力,2018-10-25,5299_杰力_2018-10-25.txt,18:37:59 GMT+0800 (CST),popowing
1591,駿吉-KY,2018-10-25,1591_駿吉-KY_2018-10-25.txt,18:38:09 GMT+0800 (CST),popowing
2377,微星,2018-10-25,2377_微星_2018-10-25.txt,18:38:38 GMT+0800 (CST),popowing
2885,元大金,2018-10-25,2885_元大金_2018-10-25.txt,18:39:13 GMT+0800 (CST),popowing
3530,晶相光,2018-11-09,3530_晶相光_2018-11-09.txt,下午2:55:06,popowing
2412,中華電,2018-11-09,2412_中華電_2018-11-09.txt,下午2:55:52,popowing
8420,明揚,2018-11-09,8420_明揚_2018-11-09.txt,下午2:57:01,popowing
2351,順德,2018-11-15,2351_順德_2018-11-15.txt,下午4:00:28,popowing
2103,台橡,2018-11-15,2103_台橡_2018-11-15.txt,下午4:01:10,popowing
8478,東哥遊艇,2018-11-15,8478_東哥遊艇_2018-11-15.txt,下午4:01:45,popowing
2115,六暉-KY,2018-11-15,2115_六暉-KY_2018-11-15.txt,下午4:01:58,popowing
6581,鋼聯,2018-11-15,6581_鋼聯_2018-11-15.txt,下午4:02:25,popowing
1476,儒鴻,2018-11-15,1476_儒鴻_2018-11-15.txt,下午4:02:38,popowing
9914,美利達,2018-11-15,9914_美利達_2018-11-15.txt,下午4:03:06,popowing
3679,新至陞,2018-11-15,3679_新至陞_2018-11-15.txt,下午4:03:20,popowing
4938,和碩,2018-11-15,4938_和碩_2018-11-15.txt,下午4:03:29,popowing
2643,捷迅,2018-11-15,2643_捷迅_2018-11-15.txt,下午4:03:46,popowing
3552,同致,2018-11-15,3552_同致_2018-11-15.txt,下午4:03:57,popowing
3455,由田,2018-11-15,3455_由田_2018-11-15.txt,下午4:04:13,popowing
2352,佳世達,2018-11-15,2352_佳世達_2018-11-15.txt,下午4:04:26,popowing
2102,泰豐,2018-11-15,2102_泰豐_2018-11-15.txt,下午4:04:47,popowing
5609,中菲行,2018-11-15,5609_中菲行_2018-11-15.txt,下午4:05:21,popowing
2636,台驊投控,2018-11-15,2636_台驊投控_2018-11-15.txt,下午4:05:57,popowing
1326,台化,2018-11-15,1326_台化_2018-11-15.txt,下午4:06:18,popowing
2062,橋椿,2018-11-15,2062_橋椿_2018-11-15.txt,下午4:06:31,popowing
8454,富邦媒,2018-11-15,8454_富邦媒_2018-11-15.txt,下午4:06:42,popowing
3338,泰碩,2018-11-15,3338_泰碩_2018-11-15.txt,下午4:07:17,popowing
6670,復盛應用,2018-11-15,6670_復盛應用_2018-11-15.txt,下午4:07:29,popowing
5203,訊連,2018-11-15,5203_訊連_2018-11-15.txt,下午4:08:17,popowing
3272,東碩,2018-11-15,3272_東碩_2018-11-15.txt,下午4:08:44,popowing
2456,奇力新,2018-11-15,2456_奇力新_2018-11-15.txt,下午4:10:47,popowing
2474,可成,2018-11-15,2474_可成_2018-11-15.txt,下午4:15:03,popowing
6274,台燿,2018-11-15,6274_台燿_2018-11-15.txt,下午4:16:27,popowing
1323,永裕,2018-11-15,1323_永裕_2018-11-15.txt,下午4:16:49,popowing
6274,台燿,2018-11-15,6274_台燿_2018-11-15.txt,下午4:18:26,popowing
4803,VHQ-KY,2018-11-15,4803_VHQ-KY_2018-11-15.txt,下午4:19:04,popowing
1451,年興,2018-11-15,1451_年興_2018-11-15.txt,下午4:19:30,popowing
4958,臻鼎-KY,2018-11-15,4958_臻鼎-KY_2018-11-15.txt,下午4:19:51,popowing
2347,聯強,2018-11-15,2347_聯強_2018-11-15.txt,下午4:20:05,popowing
6121,新普,2018-11-15,6121_新普_2018-11-15.txt,下午4:20:19,popowing
6121,新普,2018-11-15,6121_新普_2018-11-15.txt,下午4:21:16,popowing
2891,中信金,2018-11-15,2891_中信金_2018-11-15.txt,下午4:21:46,popowing
3596,智易,2018-11-15,3596_智易_2018-11-15.txt,下午4:21:58,popowing
1476,儒鴻,2018-11-15,1476_儒鴻_2018-11-15.txt,下午4:22:14,popowing
2451,創見,2018-11-15,2451_創見_2018-11-15.txt,下午4:22:25,popowing
3036,文曄,2018-11-15,3036_文曄_2018-11-15.txt,下午4:22:35,popowing
3227,原相,2018-11-15,3227_原相_2018-11-15.txt,下午4:23:03,popowing
6285,啟碁,2018-11-15,6285_啟碁_2018-11-15.txt,下午4:23:17,popowing
8924,大田,2018-11-15,8924_大田_2018-11-15.txt,下午4:23:39,popowing
3234,光環,2018-11-27,3234_光環_2018-11-27.txt,上午10:04:56,c21221203
6504,南六,2018-11-27,6504_南六_2018-11-27.txt,上午10:19:08,c21221203
6504,南六,2018-11-27,6504_南六_2018-11-27.txt,上午10:19:30,c21221203
8046,南電,2018-11-27,8046_南電_2018-11-27.txt,上午10:20:41,c21221203
6409,旭隼,2018-11-27,6409_旭隼_2018-11-27.txt,上午10:20:59,c21221203
6409,旭隼,2018-11-27,6409_旭隼_2018-11-27.txt,上午10:21:48,c21221203
8016,矽創,2018-11-27,8016_矽創_2018-11-27.txt,上午10:22:13,c21221203
2383,台光電,2018-11-27,2383_台光電_2018-11-27.txt,上午10:22:27,c21221203
2511,太子,2018-11-27,2511_太子_2018-11-27.txt,上午10:22:45,c21221203
2511,太子,2018-11-27,2511_太子_2018-11-27.txt,上午10:22:56,c21221203
1710,東聯,2018-11-27,1710_東聯_2018-11-27.txt,上午10:23:08,c21221203
1736,喬山,2018-11-27,1736_喬山_2018-11-27.txt,上午10:23:23,c21221203
1736,喬山,2018-11-27,1736_喬山_2018-11-27.txt,上午10:23:41,c21221203
9939,宏全,2018-11-27,9939_宏全_2018-11-27.txt,上午10:23:54,c21221203
9914,美利達,2018-11-27,9914_美利達_2018-11-27.txt,上午10:24:06,c21221203
5530,龍巖,2018-11-27,5530_龍巖_2018-11-27.txt,上午10:24:25,c21221203
9802,鈺齊-KY,2018-11-27,9802_鈺齊-KY_2018-11-27.txt,上午10:25:02,c21221203
6235,華孚,2018-11-27,6235_華孚_2018-11-27.txt,上午10:25:36,c21221203
6235,華孚,2018-11-27,6235_華孚_2018-11-27.txt,上午10:25:53,c21221203
2460,建通,2018-11-27,2460_建通_2018-11-27.txt,上午10:26:11,c21221203
2460,建通,2018-11-27,2460_建通_2018-11-27.txt,上午10:26:29,c21221203
6205,詮欣,2018-11-27,6205_詮欣_2018-11-27.txt,上午10:26:42,c21221203
1532,勤美,2018-11-27,1532_勤美_2018-11-27.txt,上午10:27:01,c21221203
2436,偉詮電,2018-11-27,2436_偉詮電_2018-11-27.txt,下午3:25:52,c21221203
6462,神盾,2018-11-27,6462_神盾_2018-11-27.txt,下午3:44:52,c21221203
3380,明泰,2018-11-27,3380_明泰_2018-11-27.txt,下午3:46:46,c21221203
3380,明泰,2018-11-27,3380_明泰_2018-11-27.txt,下午3:48:30,c21221203
2103,台橡,2018-11-27,2103_台橡_2018-11-27.txt,下午3:49:52,c21221203
2313,華通,2018-11-27,2313_華通_2018-11-27.txt,下午4:03:37,c21221203
3661,世芯-KY,2018-11-27,3661_世芯-KY_2018-11-27.txt,下午4:11:52,c21221203
4528,江興鍛,2018-11-27,4528_江興鍛_2018-11-27.txt,下午4:12:28,c21221203
2233,宇隆,2018-11-27,2233_宇隆_2018-11-27.txt,下午4:12:55,c21221203
8431,匯鑽科,2018-11-27,8431_匯鑽科_2018-11-27.txt,下午4:14:35,c21221203
5009,榮剛,2018-11-28,5009_榮剛_2018-11-28.txt,下午10:11:26,c21221203
5009,榮剛,2018-11-28,5009_榮剛_2018-11-28.txt,下午10:11:44,c21221203
2609,陽明,2018-11-28,2609_陽明_2018-11-28.txt,下午10:11:58,c21221203
1229,聯華,2018-11-28,1229_聯華_2018-11-28.txt,下午10:12:46,c21221203
2464,盟立,2018-11-28,2464_盟立_2018-11-28.txt,下午10:13:02,c21221203
6279,胡連,2018-11-28,6279_胡連_2018-11-28.txt,下午10:14:03,c21221203
4105,東洋,2018-11-28,4105_東洋_2018-11-28.txt,下午10:18:05,c21221203
6462,神盾,2018-11-28,6462_神盾_2018-11-28.txt,下午10:18:27,c21221203
4148,全宇生技-KY,2018-12-22,4148_全宇生技-KY_2018-12-22.txt,上午10:18:18,c21221203
2377,微星,2018-12-22,2377_微星_2018-12-22.txt,上午10:18:49,c21221203
2377,微星,2018-12-22,2377_微星_2018-12-22.txt,上午10:19:03,c21221203
6213,聯茂,2018-12-22,6213_聯茂_2018-12-22.txt,上午10:22:19,c21221203
6213,聯茂,2018-12-22,6213_聯茂_2018-12-22.txt,上午10:23:53,c21221203
3605,宏致,2018-12-22,3605_宏致_2018-12-22.txt,上午10:24:41,c21221203
4137,麗豐-KY,2018-12-22,4137_麗豐-KY_2018-12-22.txt,上午10:24:59,c21221203
,,2018-12-22,__2018-12-22.txt,上午10:25:36,c21221203
6146,耕興,2018-12-22,6146_耕興_2018-12-22.txt,上午10:26:29,c21221203
6146,耕興,2018-12-22,6146_耕興_2018-12-22.txt,上午10:26:42,c21221203
2228,劍麟,2018-12-22,2228_劍麟_2018-12-22.txt,上午10:27:00,c21221203
3346,麗清,2018-12-22,3346_麗清_2018-12-22.txt,上午10:27:19,c21221203
9935,慶豐富,2018-12-22,9935_慶豐富_2018-12-22.txt,上午10:27:33,c21221203
3527,聚積,2018-12-22,3527_聚積_2018-12-22.txt,上午10:28:29,c21221203
3527,聚積,2018-12-22,3527_聚積_2018-12-22.txt,上午10:30:13,c21221203
1102,亞泥,2018-12-22,1102_亞泥_2018-12-22.txt,上午10:30:57,c21221203
8480,泰昇-KY,2018-12-22,8480_泰昇-KY_2018-12-22.txt,上午10:31:18,c21221203
8480,泰昇-KY,2018-12-22,8480_泰昇-KY_2018-12-22.txt,上午10:35:36,c21221203
6168,宏齊,2018-12-22,6168_宏齊_2018-12-22.txt,上午10:40:41,c21221203
3234,光環,2018-12-22,3234_光環_2018-12-22.txt,上午10:41:13,c21221203
6668,中揚光,2018-12-22,6668_中揚光_2018-12-22.txt,上午10:42:05,c21221203
6668,中揚光,2018-12-22,6668_中揚光_2018-12-22.txt,上午10:42:25,c21221203
6568,宏觀,2018-12-22,6568_宏觀_2018-12-22.txt,上午10:42:48,c21221203
6568,宏觀,2018-12-22,6568_宏觀_2018-12-22.txt,上午10:43:27,c21221203
1532,勤美,2018-12-22,1532_勤美_2018-12-22.txt,上午10:44:02,c21221203
4947,昂寶-KY,2018-12-25,4947_昂寶-KY_2018-12-25.txt,下午3:48:17,c21221203
4947,昂寶-KY,2018-12-25,4947_昂寶-KY_2018-12-25.txt,下午3:48:36,c21221203
3653,健策,2018-12-25,3653_健策_2018-12-25.txt,下午3:49:06,c21221203
1589,永冠-KY,2019-01-27,1589_永冠-KY_2019-01-27.txt,下午5:34:17,c21221203
5530,龍巖,2019-01-29,5530_龍巖_2019-01-29.txt,上午10:40:02,c21221203
3708,上緯,2019-01-30,3708_上緯_2019-01-30.txt,下午1:45:00,c21221203
2454,聯發科,2019-02-01,2454_聯發科_2019-02-01.txt,下午12:46:39,c21221203
8028,昇陽國際半導體,2019-02-20,8028_昇陽國際半導體_2019-02-20.txt,下午3:06:03,c21221203
