stock_num,stock_name,Date,Open,High,Low,Close,Volume
0050,0050 元大台灣50,2017-01-03,71.7,71.9,71.5,71.9,2331430.0
0051,0051 元大中型100,2017-01-03,25.5,25.6,25.43,25.6,7000.0
0052,0052 富邦科技,2017-01-03,0.0,0.0,0.0,0.0,0.0
0053,0053 元大電子,2017-01-03,29.41,29.5,29.41,29.5,19000.0
0055,0055 元大MSCI金融,2017-01-03,14.48,14.48,14.42,14.46,4200.0
0056,0056 元大高股息,2017-01-03,23.12,23.13,23.07,23.12,1141120.0
0057,0057 富邦摩台,2017-01-03,41.99,41.99,41.99,41.99,1000.0
0061,0061 元大寶滬深,2017-01-03,15.84,16.0,15.84,15.96,2383240.0
006203,006203 元大MSCI台灣,2017-01-03,32.98,32.98,32.98,32.98,1000.0
006204,006204 永豐臺灣加權,2017-01-03,0.0,0.0,0.0,0.0,0.0
006205,006205 富邦上証,2017-01-03,27.05,27.33,27.04,27.25,3509010.0
006206,006206 元大上證50,2017-01-03,26.05,26.44,26.05,26.34,2052010.0
006207,006207 FH滬深,2017-01-03,20.13,20.42,20.13,20.31,1663000.0
006208,006208 富邦台50,2017-01-03,40.7,40.7,40.7,40.7,2000.0
00625K,00625K 富邦上証+R,2017-01-03,5.93,5.93,5.93,5.93,100000.0
00631L,00631L 元大台灣50正2,2017-01-03,25.0,25.09,24.91,25.06,2357080.0
00632R,00632R 元大台灣50反1,2017-01-03,16.11,16.14,16.06,16.08,15704200.0
00633L,00633L 富邦上証正2,2017-01-03,32.99,33.92,32.95,33.67,44699300.0
00634R,00634R 富邦上証反1,2017-01-03,9.5,9.55,9.37,9.39,1313000.0
00635U,00635U 期元大S&P黃金,2017-01-03,18.64,18.72,18.6,18.7,4205000.0
00636,00636 國泰中國A50,2017-01-03,16.21,16.48,16.15,16.4,1149000.0
00637L,00637L 元大滬深300正2,2017-01-03,12.25,12.63,12.25,12.52,85482400.0
00638R,00638R 元大滬深300反1,2017-01-03,18.42,18.42,18.22,18.22,231002.0
00639,00639 富邦深100,2017-01-03,9.35,9.51,9.35,9.46,5287000.0
00640L,00640L 富邦日本正2,2017-01-03,17.99,18.07,17.91,18.07,838000.0
00641R,00641R 富邦日本反1,2017-01-03,17.87,17.91,17.77,17.77,514000.0
00642U,00642U 期元大S&P石油,2017-01-03,19.95,20.01,19.95,19.95,3571410.0
00643,00643 群益深証中小,2017-01-03,13.8,13.96,13.8,13.89,1699200.0
00643K,00643K 群益深証中小+R,2017-01-03,2.96,2.96,2.96,2.96,100000.0
00645,00645 富邦日本,2017-01-03,19.34,19.34,19.27,19.28,81000.0
00646,00646 元大S&P500,2017-01-03,21.6,21.63,21.54,21.56,156000.0
00647L,00647L 元大S&P500正2,2017-01-03,23.45,23.49,23.45,23.46,20000.0
00648R,00648R 元大S&P500反1,2017-01-03,17.39,17.47,17.39,17.42,1410000.0
00650L,00650L FH香港正2,2017-01-03,19.37,19.7,19.21,19.7,807000.0
00651R,00651R FH香港反1,2017-01-03,12.33,12.33,12.1,12.1,76000.0
00652,00652 富邦印度,2017-01-03,19.52,19.59,19.48,19.58,367000.0
00653L,00653L 富邦印度正2,2017-01-03,19.83,20.0,19.81,19.97,2550250.0
00654R,00654R 富邦印度反1,2017-01-03,18.93,18.94,18.85,18.86,35000.0
00655L,00655L 國泰中國A50正2,2017-01-03,22.9,23.58,22.87,23.4,2314000.0
00656R,00656R 國泰中國A50反1,2017-01-03,17.49,17.49,17.32,17.39,156000.0
00657,00657 國泰日經225,2017-01-03,23.15,23.16,23.11,23.16,591000.0
00660,00660 元大歐洲50,2017-01-03,22.42,22.45,22.41,22.45,33000.0
00661,00661 元大日經225,2017-01-03,0.0,0.0,0.0,0.0,0.0
00662,00662 富邦NASDAQ,2017-01-03,21.77,21.77,21.65,21.65,297000.0
00663L,00663L 國泰臺灣加權正2,2017-01-03,23.11,23.22,23.02,23.18,1720000.0
00664R,00664R 國泰臺灣加權反1,2017-01-03,18.2,18.24,18.17,18.17,3478000.0
00665L,00665L 富邦恒生國企正2,2017-01-03,21.3,21.67,21.01,21.64,2638000.0
00666R,00666R 富邦恒生國企反1,2017-01-03,18.7,18.75,18.66,18.66,103000.0
00668,00668 國泰美國道瓊,2017-01-03,22.15,22.15,21.96,22.1,883000.0
00669R,00669R 國泰美國道瓊反1,2017-01-03,18.15,18.16,18.1,18.1,903000.0
00673R,00673R 期元大S&P原油反1,2017-01-03,18.8,18.9,18.8,18.82,2631000.0
00674R,00674R 期元大S&P黃金反1,2017-01-03,21.86,21.86,21.78,21.8,492000.0
00675L,00675L 富邦臺灣加權正2,2017-01-03,10.02,10.07,9.98,10.05,5134000.0
00676R,00676R 富邦臺灣加權反1,2017-01-03,9.86,9.88,9.84,9.85,10175000.0
01001T,01001T 土銀富邦R1,2017-01-03,15.1,15.1,15.1,15.1,10000.0
01002T,01002T 土銀國泰R1,2017-01-03,16.18,16.19,16.05,16.15,110000.0
01003T,01003T 兆豐新光R1,2017-01-03,14.08,14.08,13.95,14.0,40000.0
01004T,01004T 土銀富邦R2,2017-01-03,13.39,13.4,13.3,13.34,110000.0
01007T,01007T 兆豐國泰R2,2017-01-03,14.76,14.76,14.76,14.76,6000.0
1101,1101 台泥,2017-01-03,35.45,35.45,34.8,35.15,2890980.0
1102,1102 亞泥,2017-01-03,26.45,26.5,26.3,26.5,1271790.0
1103,1103 嘉泥,2017-01-03,8.71,8.71,8.61,8.71,278853.0
1104,1104 環泥,2017-01-03,24.5,24.65,24.45,24.6,150691.0
1108,1108 幸福,2017-01-03,9.13,9.15,9.13,9.15,20000.0
1109,1109 信大,2017-01-03,10.0,10.0,10.0,10.0,4200.0
1110,1110 東泥,2017-01-03,15.8,15.85,15.75,15.75,25700.0
1201,1201 味全,2017-01-03,17.55,17.7,17.55,17.65,653627.0
1203,1203 味王,2017-01-03,23.4,23.4,22.8,22.8,7479.0
1210,1210 大成,2017-01-03,29.2,29.5,29.1,29.15,2213850.0
1213,1213 大飲,2017-01-03,16.6,16.8,16.6,16.8,19200.0
1215,1215 卜蜂,2017-01-03,45.0,46.6,45.0,46.25,2947060.0
1216,1216 統一,2017-01-03,53.4,53.6,53.2,53.3,2757440.0
1217,1217 愛之味,2017-01-03,7.4,7.4,7.32,7.33,420652.0
1218,1218 泰山,2017-01-03,14.9,15.0,14.9,14.95,330863.0
1219,1219 福壽,2017-01-03,15.7,15.8,15.7,15.8,208577.0
1220,1220 台榮,2017-01-03,10.95,10.95,10.7,10.8,269134.0
1225,1225 福懋油,2017-01-03,47.65,48.3,47.65,48.1,22349.0
1227,1227 佳格,2017-01-03,76.0,76.5,76.0,76.2,145084.0
1229,1229 聯華,2017-01-03,22.05,22.15,22.0,22.1,525061.0
1231,1231 聯華食,2017-01-03,31.15,31.7,31.15,31.65,249456.0
1232,1232 大統益,2017-01-03,84.5,84.5,84.1,84.3,17396.0
1233,1233 天仁,2017-01-03,36.7,36.9,36.7,36.7,5400.0
1234,1234 黑松,2017-01-03,32.3,32.3,32.05,32.1,101525.0
1235,1235 興泰,2017-01-03,29.4,29.55,29.4,29.45,36200.0
1236,1236 宏亞,2017-01-03,18.35,18.4,18.25,18.3,29100.0
1256,1256 鮮活果汁-KY,2017-01-03,122.5,122.5,122.0,122.5,17000.0
1301,1301 台塑,2017-01-03,88.6,90.2,88.4,90.1,4769480.0
1303,1303 南亞,2017-01-03,71.6,71.6,70.8,71.2,4513030.0
1304,1304 台聚,2017-01-03,16.0,16.1,15.85,16.1,2131000.0
1305,1305 華夏,2017-01-03,23.9,24.1,23.8,23.9,1290440.0
1307,1307 三芳,2017-01-03,35.5,35.5,35.2,35.2,89313.0
1308,1308 亞聚,2017-01-03,19.1,19.15,19.0,19.15,499233.0
1309,1309 台達化,2017-01-03,10.55,10.6,10.25,10.45,1057790.0
1310,1310 台苯,2017-01-03,19.95,19.95,19.65,19.75,3123360.0
1312,1312 國喬,2017-01-03,21.15,21.15,20.8,20.8,4378490.0
1312A,1312A 國喬特,2017-01-03,25.85,26.0,25.85,26.0,23000.0
1313,1313 聯成,2017-01-03,12.5,12.7,12.4,12.65,1769240.0
1314,1314 中石化,2017-01-03,9.99,10.2,9.95,10.05,15464900.0
1315,1315 達新,2017-01-03,24.9,25.1,24.9,25.1,11004.0
1316,1316 上曜,2017-01-03,10.9,11.0,10.7,10.95,214065.0
1319,1319 東陽,2017-01-03,63.7,63.9,62.9,63.0,1720850.0
1321,1321 大洋,2017-01-03,24.55,24.6,24.5,24.6,68000.0
1323,1323 永裕,2017-01-03,33.7,33.7,33.4,33.45,195000.0
1324,1324 地球,2017-01-03,12.95,13.1,12.95,13.1,6008.0
1325,1325 恆大,2017-01-03,21.05,21.05,21.0,21.05,52644.0
1326,1326 台化,2017-01-03,95.8,98.0,95.7,97.3,5092730.0
1337,1337 再生-KY,2017-01-03,17.6,17.65,17.4,17.5,604183.0
1338,1338 廣華-KY,2017-01-03,94.0,94.1,93.4,93.7,73000.0
1339,1339 昭輝,2017-01-03,37.8,39.95,37.7,39.3,271208.0
1340,1340 勝悅-KY,2017-01-03,54.4,55.3,54.2,55.0,694200.0
1402,1402 遠東新,2017-01-03,24.2,24.35,23.8,24.3,1938720.0
1409,1409 新纖,2017-01-03,9.05,9.08,9.02,9.07,476648.0
1410,1410 南染,2017-01-03,24.3,24.3,24.3,24.3,51255.0
1413,1413 宏洲,2017-01-03,5.59,5.59,5.45,5.55,103600.0
1414,1414 東和,2017-01-03,6.09,6.1,6.02,6.08,86699.0
1416,1416 廣豐,2017-01-03,25.0,25.65,25.0,25.65,267090.0
1417,1417 嘉裕,2017-01-03,5.13,5.27,5.13,5.16,1231660.0
1418,1418 東華,2017-01-03,6.28,6.28,6.28,6.28,5055.0
1419,1419 新紡,2017-01-03,39.7,40.05,39.7,40.05,67730.0
1423,1423 利華,2017-01-03,6.85,6.85,6.73,6.73,39009.0
1432,1432 大魯閣,2017-01-03,16.45,16.45,16.3,16.35,148210.0
1434,1434 福懋,2017-01-03,29.4,29.7,29.25,29.65,489747.0
1435,1435 中福,2017-01-03,4.21,4.24,4.15,4.2,29010.0
1436,1436 華友聯,2017-01-03,39.4,39.4,39.05,39.1,13005.0
1437,1437 勤益控,2017-01-03,16.6,16.6,16.45,16.6,118000.0
1438,1438 三地開發,2017-01-03,4.02,4.22,4.02,4.22,3000.0
1439,1439 雋揚,2017-01-03,15.7,15.9,15.7,15.8,158032.0
1440,1440 南紡,2017-01-03,12.25,12.25,12.1,12.25,470138.0
1441,1441 大東,2017-01-03,6.25,6.28,6.15,6.27,29131.0
1442,1442 名軒,2017-01-03,17.75,17.9,17.7,17.75,29126.0
1443,1443 立益,2017-01-03,4.47,4.47,4.31,4.47,12646.0
1444,1444 力麗,2017-01-03,8.2,8.27,8.18,8.23,544294.0
1445,1445 大宇,2017-01-03,9.04,9.04,8.95,9.02,81540.0
1446,1446 宏和,2017-01-03,18.0,18.15,17.95,18.05,185000.0
1447,1447 力鵬,2017-01-03,8.15,8.16,8.06,8.1,684373.0
1449,1449 佳和,2017-01-03,4.1,4.1,4.1,4.1,8282.0
1451,1451 年興,2017-01-03,24.25,24.3,24.15,24.3,28445.0
1452,1452 宏益,2017-01-03,20.55,20.55,20.0,20.3,967006.0
1453,1453 大將,2017-01-03,7.89,7.97,7.84,7.97,17238.0
1454,1454 台富,2017-01-03,8.5,8.5,8.41,8.46,29050.0
1455,1455 集盛,2017-01-03,9.32,9.38,9.28,9.33,1326000.0
1456,1456 怡華,2017-01-03,0.0,0.0,0.0,0.0,0.0
1457,1457 宜進,2017-01-03,10.0,10.1,10.0,10.05,354829.0
1459,1459 聯發,2017-01-03,8.37,8.51,8.37,8.5,109138.0
1460,1460 宏遠,2017-01-03,17.05,17.15,17.0,17.05,862030.0
1463,1463 強盛,2017-01-03,21.25,21.65,20.9,21.4,3182320.0
1464,1464 得力,2017-01-03,25.9,26.0,25.45,25.65,468915.0
1465,1465 偉全,2017-01-03,0.0,0.0,0.0,0.0,0.0
1466,1466 聚隆,2017-01-03,13.5,13.65,13.4,13.5,25080.0
1467,1467 南緯,2017-01-03,10.35,10.4,10.25,10.3,277001.0
1468,1468 昶和,2017-01-03,9.92,9.99,9.91,9.98,22000.0
1470,1470 大統新創,2017-01-03,19.1,19.1,19.1,19.1,16000.0
1471,1471 首利,2017-01-03,4.53,4.57,4.41,4.48,313009.0
1472,1472 三洋實業,2017-01-03,11.6,11.9,11.6,11.8,97003.0
1473,1473 台南,2017-01-03,29.6,30.0,29.6,29.7,80700.0
1474,1474 弘裕,2017-01-03,11.25,11.4,11.15,11.4,518007.0
1475,1475 業旺,2017-01-03,7.75,7.88,7.75,7.75,25000.0
1476,1476 儒鴻,2017-01-03,338.0,338.5,335.5,337.5,325798.0
1477,1477 聚陽,2017-01-03,125.0,128.5,125.0,128.0,1846810.0
1503,1503 士電,2017-01-03,40.5,40.5,40.4,40.45,7396.0
1504,1504 東元,2017-01-03,27.75,28.0,27.7,27.75,632801.0
1506,1506 正道,2017-01-03,14.55,14.55,14.4,14.55,70006.0
1512,1512 瑞利,2017-01-03,5.97,6.09,5.94,6.0,1631140.0
1513,1513 中興電,2017-01-03,19.35,19.6,19.35,19.4,741451.0
1514,1514 亞力,2017-01-03,9.61,9.83,9.55,9.76,2057310.0
1515,1515 力山,2017-01-03,15.0,15.05,14.85,14.9,125050.0
1516,1516 川飛,2017-01-03,16.8,16.9,16.8,16.85,16039.0
1517,1517 利奇,2017-01-03,10.4,10.4,10.3,10.4,98117.0
1519,1519 華城,2017-01-03,17.9,17.9,17.75,17.8,198200.0
1521,1521 大億,2017-01-03,82.0,82.9,81.7,81.7,139000.0
1522,1522 堤維西,2017-01-03,35.55,35.85,35.5,35.65,713008.0
1524,1524 耿鼎,2017-01-03,11.15,11.3,11.1,11.15,773012.0
1525,1525 江申,2017-01-03,114.5,114.5,112.0,112.5,55886.0
1526,1526 日馳,2017-01-03,14.9,15.1,14.9,14.9,77036.0
1527,1527 鑽全,2017-01-03,94.6,94.6,92.6,92.6,772070.0
1528,1528 恩德,2017-01-03,9.91,10.0,9.91,9.96,78624.0
1529,1529 樂事綠能,2017-01-03,3.38,3.6,3.38,3.6,6158.0
1530,1530 亞崴,2017-01-03,28.2,28.6,28.2,28.5,48110.0
1531,1531 高林股,2017-01-03,15.85,15.9,15.8,15.9,22000.0
1532,1532 勤美,2017-01-03,31.9,32.1,31.7,31.7,167715.0
1533,1533 車王電,2017-01-03,42.4,43.2,42.4,42.8,195366.0
1535,1535 中宇,2017-01-03,45.95,47.3,45.95,47.2,109624.0
1536,1536 和大,2017-01-03,126.0,129.0,125.0,127.0,1907630.0
1537,1537 廣隆,2017-01-03,157.5,158.0,156.0,157.0,155005.0
1538,1538 正峰,2017-01-03,5.83,5.9,5.78,5.83,113536.0
1539,1539 巨庭,2017-01-03,28.9,28.9,28.05,28.05,304100.0
1540,1540 喬福,2017-01-03,12.75,12.9,12.7,12.7,154500.0
1541,1541 錩泰,2017-01-03,52.4,52.6,52.4,52.5,65000.0
1558,1558 伸興,2017-01-03,161.0,161.0,159.0,159.0,22380.0
1560,1560 中砂,2017-01-03,64.3,65.0,63.3,63.7,2848760.0
1568,1568 倉佑,2017-01-03,33.05,33.05,32.2,32.85,383010.0
1582,1582 信錦,2017-01-03,63.9,63.9,62.6,63.1,443534.0
1583,1583 程泰,2017-01-03,56.7,59.0,55.3,55.3,9166.0
1589,1589 永冠-KY,2017-01-03,104.5,105.0,103.5,104.0,359185.0
1590,1590 亞德客-KY,2017-01-03,252.5,256.0,248.0,251.0,329081.0
1598,1598 岱宇,2017-01-03,40.8,41.0,40.1,40.8,77413.0
1603,1603 華電,2017-01-03,22.8,23.55,22.6,23.0,525159.0
1604,1604 聲寶,2017-01-03,18.35,18.5,18.2,18.5,712293.0
1605,1605 華新,2017-01-03,11.8,11.85,11.55,11.65,9120850.0
1608,1608 華榮,2017-01-03,8.3,8.35,8.26,8.27,115346.0
1609,1609 大亞,2017-01-03,5.47,5.51,5.45,5.47,188010.0
1611,1611 中電,2017-01-03,7.45,7.47,7.45,7.47,87800.0
1612,1612 宏泰,2017-01-03,8.83,8.83,8.8,8.81,80307.0
1614,1614 三洋電,2017-01-03,24.2,24.2,24.05,24.2,11000.0
1615,1615 大山,2017-01-03,10.25,10.25,10.2,10.2,8000.0
1616,1616 億泰,2017-01-03,5.07,5.09,5.03,5.09,78000.0
1617,1617 榮星,2017-01-03,7.6,7.71,7.54,7.58,24000.0
1618,1618 合機,2017-01-03,8.3,8.39,8.3,8.34,86800.0
1626,1626 艾美特-KY,2017-01-03,26.4,26.4,25.85,26.0,24000.0
1701,1701 中化,2017-01-03,18.2,18.25,18.15,18.2,102247.0
1702,1702 南僑,2017-01-03,61.2,61.4,61.0,61.2,666322.0
1707,1707 葡萄王,2017-01-03,177.0,178.5,168.5,168.5,8409970.0
1708,1708 東鹼,2017-01-03,26.85,27.25,26.85,27.1,317741.0
1709,1709 和益,2017-01-03,16.95,17.0,16.9,16.95,581577.0
1710,1710 東聯,2017-01-03,23.4,24.3,23.25,24.2,7082280.0
1711,1711 永光,2017-01-03,20.05,20.3,20.05,20.25,192917.0
1712,1712 興農,2017-01-03,15.3,15.35,15.3,15.35,201323.0
1713,1713 國化,2017-01-03,14.75,14.85,14.7,14.85,17751.0
1714,1714 和桐,2017-01-03,8.29,8.45,8.25,8.45,1698380.0
1717,1717 長興,2017-01-03,33.0,33.2,33.0,33.2,362479.0
1718,1718 中纖,2017-01-03,8.59,8.72,8.55,8.65,5213420.0
1720,1720 生達,2017-01-03,32.75,32.95,32.6,32.85,193520.0
1721,1721 三晃,2017-01-03,14.9,15.05,14.9,15.0,236008.0
1722,1722 台肥,2017-01-03,40.05,40.3,40.05,40.25,241499.0
1723,1723 中碳,2017-01-03,120.0,121.0,119.0,121.0,523815.0
1725,1725 元禎,2017-01-03,13.8,13.95,13.8,13.95,11000.0
1726,1726 永記,2017-01-03,80.0,80.5,79.8,80.0,20318.0
1727,1727 中華化,2017-01-03,13.2,13.2,13.0,13.05,21000.0
1730,1730 花仙子,2017-01-03,38.3,38.3,38.0,38.0,73400.0
1731,1731 美吾華,2017-01-03,13.75,13.75,13.65,13.65,52250.0
1732,1732 毛寶,2017-01-03,13.5,13.7,13.45,13.55,323001.0
1733,1733 五鼎,2017-01-03,41.45,41.55,41.3,41.45,123004.0
1734,1734 杏輝,2017-01-03,24.3,24.3,24.05,24.1,78283.0
1735,1735 日勝化,2017-01-03,12.35,12.45,12.3,12.45,122000.0
1736,1736 喬山,2017-01-03,46.7,46.7,46.15,46.15,73570.0
1737,1737 臺鹽,2017-01-03,29.4,29.6,29.2,29.45,684553.0
1762,1762 中化生,2017-01-03,27.15,27.5,27.1,27.15,158007.0
1773,1773 勝一,2017-01-03,53.5,54.5,53.5,54.5,28470.0
1776,1776 展宇,2017-01-03,21.5,21.5,21.45,21.45,2008.0
1783,1783 和康生,2017-01-03,23.5,23.7,23.5,23.7,21006.0
1786,1786 科妍,2017-01-03,56.0,56.5,55.2,55.8,118193.0
1789,1789 神隆,2017-01-03,38.65,38.85,38.6,38.7,437607.0
1802,1802 台玻,2017-01-03,13.3,13.35,13.15,13.25,1068520.0
1805,1805 寶徠,2017-01-03,5.65,5.65,5.65,5.65,2000.0
1806,1806 冠軍,2017-01-03,7.01,7.04,6.98,7.04,99670.0
1808,1808 潤隆,2017-01-03,32.4,32.45,32.1,32.2,143100.0
1809,1809 中釉,2017-01-03,12.2,12.3,12.2,12.25,470068.0
1810,1810 和成,2017-01-03,9.4,9.41,9.28,9.28,1944050.0
1817,1817 凱撒衛,2017-01-03,36.7,37.35,36.7,36.9,37000.0
1903,1903 士紙,2017-01-03,32.9,32.9,32.35,32.5,164449.0
1904,1904 正隆,2017-01-03,13.05,13.3,13.0,13.25,3082750.0
1905,1905 華紙,2017-01-03,9.21,9.22,9.18,9.2,415804.0
1906,1906 寶隆,2017-01-03,17.1,17.4,17.1,17.2,1391960.0
1907,1907 永豐餘,2017-01-03,9.68,9.72,9.68,9.71,1089910.0
1909,1909 榮成,2017-01-03,16.35,17.15,16.35,17.15,16950400.0
2002,2002 中鋼,2017-01-03,24.7,24.75,24.25,24.45,14961800.0
2002A,2002A 中鋼特,2017-01-03,41.7,41.7,41.6,41.7,28000.0
2006,2006 東和鋼鐵,2017-01-03,21.15,21.25,21.1,21.15,204517.0
2007,2007 燁興,2017-01-03,4.52,4.56,4.49,4.5,90212.0
2008,2008 高興昌,2017-01-03,10.55,10.65,10.55,10.55,27050.0
2009,2009 第一銅,2017-01-03,7.33,7.34,7.3,7.34,135400.0
2010,2010 春源,2017-01-03,11.65,11.65,11.55,11.65,219714.0
2012,2012 春雨,2017-01-03,13.35,13.35,13.25,13.3,95050.0
2013,2013 中鋼構,2017-01-03,21.4,21.5,21.3,21.35,44354.0
2014,2014 中鴻,2017-01-03,9.52,9.56,9.44,9.45,4019530.0
2015,2015 豐興,2017-01-03,45.25,45.25,44.7,44.9,185210.0
2017,2017 官田鋼,2017-01-03,8.56,8.59,8.54,8.57,238194.0
2020,2020 美亞,2017-01-03,13.6,13.7,13.55,13.6,342130.0
2022,2022 聚亨,2017-01-03,4.84,4.85,4.82,4.83,146497.0
2023,2023 燁輝,2017-01-03,11.3,11.3,11.1,11.15,2001500.0
2024,2024 志聯,2017-01-03,8.37,8.48,8.37,8.4,33239.0
2025,2025 千興,2017-01-03,2.46,2.81,2.46,2.81,261202.0
2027,2027 大成鋼,2017-01-03,17.6,17.9,17.6,17.9,741922.0
2028,2028 威致,2017-01-03,4.01,4.2,4.01,4.15,338305.0
2029,2029 盛餘,2017-01-03,34.0,34.35,34.0,34.15,375219.0
2030,2030 彰源,2017-01-03,10.5,10.55,10.35,10.45,213662.0
2031,2031 新光鋼,2017-01-03,21.7,21.8,21.55,21.6,631502.0
2032,2032 新鋼,2017-01-03,10.5,10.5,10.35,10.4,39107.0
2033,2033 佳大,2017-01-03,9.05,9.06,9.02,9.06,36000.0
2034,2034 允強,2017-01-03,27.1,27.2,26.7,27.1,1691470.0
2038,2038 海光,2017-01-03,6.79,6.91,6.77,6.91,370349.0
2049,2049 上銀,2017-01-03,149.0,149.5,146.5,148.0,1221700.0
2059,2059 川湖,2017-01-03,417.0,421.0,412.0,412.0,215100.0
2062,2062 橋椿,2017-01-03,40.15,40.5,40.1,40.4,219700.0
2069,2069 運錩,2017-01-03,22.4,22.4,22.2,22.2,166000.0
2101,2101 南港,2017-01-03,29.25,29.4,29.2,29.25,244746.0
2102,2102 泰豐,2017-01-03,12.95,12.95,12.8,12.9,317284.0
2103,2103 台橡,2017-01-03,33.1,33.95,33.05,33.8,2914380.0
2104,2104 國際中橡,2017-01-03,28.55,29.05,28.5,28.95,1017680.0
2105,2105 正新,2017-01-03,60.8,61.6,60.6,61.4,3088890.0
2106,2106 建大,2017-01-03,48.7,48.8,48.25,48.55,191064.0
2107,2107 厚生,2017-01-03,16.1,16.3,16.05,16.3,656674.0
2108,2108 南帝,2017-01-03,21.9,21.9,21.7,21.8,299867.0
2109,2109 華豐,2017-01-03,10.9,10.9,10.8,10.85,19520.0
2114,2114 鑫永銓,2017-01-03,76.5,77.7,76.5,77.6,26000.0
2115,2115 六暉-KY,2017-01-03,55.7,56.8,55.7,56.1,197021.0
2201,2201 裕隆,2017-01-03,26.8,26.85,26.6,26.8,613423.0
2204,2204 中華,2017-01-03,26.25,26.35,26.05,26.25,782703.0
2206,2206 三陽工業,2017-01-03,20.75,20.8,20.6,20.6,279823.0
2207,2207 和泰車,2017-01-03,370.0,370.0,364.0,364.5,101056.0
2208,2208 台船,2017-01-03,13.85,13.95,13.75,13.85,289155.0
2227,2227 裕日車,2017-01-03,196.5,199.0,196.5,198.0,45025.0
2228,2228 劍麟,2017-01-03,162.5,171.0,161.5,168.0,614323.0
2231,2231 為升,2017-01-03,252.0,262.0,252.0,257.5,557504.0
2236,2236 百達-KY,2017-01-03,58.0,58.2,57.8,58.2,39319.0
2239,2239 英利-KY,2017-01-03,185.0,188.0,184.0,188.0,239034.0
2301,2301 光寶科,2017-01-03,48.35,48.4,47.85,48.05,2540390.0
2302,2302 麗正,2017-01-03,6.4,6.55,6.38,6.55,495095.0
2303,2303 聯電,2017-01-03,11.4,11.4,11.3,11.4,10177700.0
2305,2305 全友,2017-01-03,8.02,8.11,7.92,8.05,374023.0
2308,2308 台達電,2017-01-03,159.0,159.5,158.0,158.5,1904680.0
2312,2312 金寶,2017-01-03,12.0,12.1,11.9,11.95,10187900.0
2313,2313 華通,2017-01-03,15.55,15.65,15.5,15.6,4806010.0
2314,2314 台揚,2017-01-03,25.0,25.35,24.6,24.9,1691460.0
2316,2316 楠梓電,2017-01-03,17.85,17.95,17.85,17.9,384763.0
2317,2317 鴻海,2017-01-03,83.7,84.3,83.7,84.3,15416000.0
2321,2321 東訊,2017-01-03,3.0,3.0,2.62,2.67,26031.0
2323,2323 中環,2017-01-03,3.49,3.52,3.48,3.51,2195400.0
2324,2324 仁寶,2017-01-03,18.5,18.65,18.45,18.65,3465400.0
2327,2327 國巨,2017-01-03,58.6,59.4,58.5,59.1,711746.0
2328,2328 廣宇,2017-01-03,24.85,25.2,24.6,25.1,5609280.0
2329,2329 華泰,2017-01-03,11.35,11.35,11.15,11.2,967237.0
2330,2330 台積電,2017-01-03,181.5,183.5,181.0,183.0,23550800.0
2331,2331 精英,2017-01-03,15.7,16.1,15.65,15.8,3823890.0
2332,2332 友訊,2017-01-03,10.75,10.9,10.7,10.85,1018710.0
2337,2337 旺宏,2017-01-03,4.6,4.6,4.56,4.6,2579160.0
2338,2338 光罩,2017-01-03,8.74,8.81,8.65,8.65,101594.0
2340,2340 台亞,2017-01-03,14.0,14.05,13.9,14.0,850656.0
2342,2342 茂矽,2017-01-03,2.92,2.92,2.86,2.87,114437.0
2344,2344 華邦電,2017-01-03,10.0,10.05,9.95,10.05,4185230.0
2345,2345 智邦,2017-01-03,51.1,51.7,50.6,51.7,4595790.0
2347,2347 聯強,2017-01-03,32.5,32.5,32.2,32.35,1771220.0
2348,2348 海悅,2017-01-03,18.5,18.5,18.5,18.5,6032.0
2349,2349 錸德,2017-01-03,5.12,5.12,5.06,5.08,2639650.0
2351,2351 順德,2017-01-03,41.65,41.65,41.0,41.35,291100.0
2352,2352 佳世達,2017-01-03,15.1,15.45,15.05,15.4,9734560.0
2353,2353 宏碁,2017-01-03,13.05,13.15,13.0,13.1,3705490.0
2354,2354 鴻準,2017-01-03,85.5,85.7,84.8,85.5,1153440.0
2355,2355 敬鵬,2017-01-03,60.8,61.1,60.7,61.1,336475.0
2356,2356 英業達,2017-01-03,22.35,22.4,21.95,22.0,10919600.0
2357,2357 華碩,2017-01-03,265.5,267.0,265.0,267.0,942081.0
2358,2358 廷鑫,2017-01-03,16.3,16.3,15.65,15.8,229003.0
2359,2359 所羅門,2017-01-03,15.0,15.4,14.95,15.25,464270.0
2360,2360 致茂,2017-01-03,75.4,76.4,75.4,76.1,435760.0
2362,2362 藍天,2017-01-03,27.8,27.8,27.55,27.7,213030.0
2363,2363 矽統,2017-01-03,6.49,6.54,6.49,6.5,283919.0
2364,2364 倫飛,2017-01-03,2.45,2.49,2.43,2.49,103589.0
2365,2365 昆盈,2017-01-03,9.09,9.12,9.06,9.06,585248.0
2367,2367 燿華,2017-01-03,9.17,9.19,9.13,9.15,210793.0
2368,2368 金像電,2017-01-03,10.5,10.5,10.35,10.45,854729.0
2369,2369 菱生,2017-01-03,11.85,12.0,11.8,11.85,1545850.0
2371,2371 大同,2017-01-03,9.54,9.61,9.51,9.61,8281260.0
2373,2373 震旦行,2017-01-03,53.3,53.7,53.0,53.7,275370.0
2374,2374 佳能,2017-01-03,16.8,16.95,16.65,16.95,231183.0
2375,2375 凱美,2017-01-03,16.3,16.45,16.3,16.4,47340.0
2376,2376 技嘉,2017-01-03,43.3,43.45,42.7,42.8,1471840.0
2377,2377 微星,2017-01-03,73.8,75.0,73.8,74.5,2509530.0
2379,2379 瑞昱,2017-01-03,102.0,102.5,101.5,102.0,292169.0
2380,2380 虹光,2017-01-03,6.57,6.8,6.56,6.7,1142430.0
2382,2382 廣達,2017-01-03,60.4,60.8,59.9,60.0,3453240.0
2383,2383 台光電,2017-01-03,90.2,90.2,89.1,89.2,691424.0
2385,2385 群光,2017-01-03,75.0,75.0,74.4,74.6,184043.0
2387,2387 精元,2017-01-03,17.0,17.0,16.75,16.9,215564.0
2388,2388 威盛,2017-01-03,10.0,10.15,10.0,10.05,237337.0
2390,2390 云辰,2017-01-03,17.25,17.25,16.95,16.95,464322.0
2392,2392 正崴,2017-01-03,36.8,36.85,36.7,36.85,275267.0
2393,2393 億光,2017-01-03,46.1,46.2,45.9,45.95,412373.0
2395,2395 研華,2017-01-03,254.5,254.5,251.0,252.5,193950.0
2397,2397 友通,2017-01-03,51.9,52.2,51.8,52.2,354177.0
2399,2399 映泰,2017-01-03,8.43,8.43,8.28,8.29,14219.0
2401,2401 凌陽,2017-01-03,11.45,11.45,11.25,11.35,1426550.0
2402,2402 毅嘉,2017-01-03,15.9,16.45,15.8,16.05,4904310.0
2404,2404 漢唐,2017-01-03,49.3,50.3,49.3,50.0,1644160.0
2405,2405 輔信,2017-01-03,8.16,8.33,8.11,8.25,2075010.0
2406,2406 國碩,2017-01-03,24.6,24.85,24.35,24.55,5825010.0
2408,2408 南亞科,2017-01-03,48.2,48.2,47.05,47.25,12836800.0
2409,2409 友達,2017-01-03,11.8,12.1,11.75,12.0,54852400.0
2412,2412 中華電,2017-01-03,102.0,102.5,101.5,102.5,4218800.0
2413,2413 環科,2017-01-03,11.85,11.95,11.85,11.85,142101.0
2414,2414 精技,2017-01-03,17.35,17.4,17.25,17.3,64125.0
2415,2415 錩新,2017-01-03,24.1,24.5,23.8,24.45,710626.0
2417,2417 圓剛,2017-01-03,10.7,11.15,10.45,11.15,1834270.0
2419,2419 仲琦,2017-01-03,20.35,20.4,20.2,20.25,1512360.0
2420,2420 新巨,2017-01-03,36.0,36.0,35.45,35.6,67555.0
2421,2421 建準,2017-01-03,27.6,27.65,26.85,27.0,2202780.0
2423,2423 固緯,2017-01-03,19.2,19.35,19.0,19.35,120150.0
2424,2424 隴華,2017-01-03,21.0,21.0,21.0,21.0,1051.0
2425,2425 承啟,2017-01-03,19.95,20.05,19.8,20.0,93446.0
2426,2426 鼎元,2017-01-03,12.3,12.45,12.3,12.45,491022.0
2427,2427 三商電,2017-01-03,7.13,7.2,7.12,7.2,139390.0
2428,2428 興勤,2017-01-03,63.8,64.2,63.6,63.9,735599.0
2429,2429 銘旺科,2017-01-03,16.5,17.25,16.5,16.6,6024.0
2430,2430 燦坤,2017-01-03,29.5,29.55,29.25,29.4,74241.0
2431,2431 聯昌,2017-01-03,14.2,14.55,14.15,14.4,1551020.0
2433,2433 互盛電,2017-01-03,39.65,39.7,39.65,39.65,8256.0
2434,2434 統懋,2017-01-03,5.28,5.57,5.28,5.57,154499.0
2436,2436 偉詮電,2017-01-03,21.5,21.6,21.4,21.55,706524.0
2438,2438 翔耀,2017-01-03,9.97,10.05,9.96,10.0,15751.0
2439,2439 美律,2017-01-03,122.0,124.0,121.0,122.5,2806050.0
2440,2440 太空梭,2017-01-03,8.93,8.93,8.59,8.87,235208.0
2441,2441 超豐,2017-01-03,39.0,39.0,38.65,38.8,101266.0
2442,2442 新美齊,2017-01-03,6.89,6.89,6.75,6.81,848207.0
2443,2443 昶虹,2017-01-03,6.3,6.3,6.12,6.16,291894.0
2444,2444 兆勁,2017-01-03,11.2,11.4,11.1,11.35,939606.0
2449,2449 京元電子,2017-01-03,25.4,26.4,25.35,26.35,7751040.0
2450,2450 神腦,2017-01-03,52.3,53.3,52.3,52.9,107024.0
2451,2451 創見,2017-01-03,85.8,86.0,85.1,85.6,167170.0
2453,2453 凌群,2017-01-03,10.7,10.75,10.65,10.65,58000.0
2454,2454 聯發科,2017-01-03,217.5,218.0,216.5,218.0,3406880.0
2455,2455 全新,2017-01-03,49.55,49.7,48.4,48.5,1378510.0
2457,2457 飛宏,2017-01-03,13.25,13.45,12.75,13.1,11523300.0
2458,2458 義隆,2017-01-03,34.6,34.95,34.6,34.95,2359000.0
2459,2459 敦吉,2017-01-03,35.7,35.7,35.5,35.7,9800.0
2460,2460 建通,2017-01-03,10.15,10.25,10.15,10.25,45005.0
2461,2461 光群雷,2017-01-03,18.7,19.5,18.55,19.4,3634760.0
2462,2462 良得電,2017-01-03,20.75,20.85,20.7,20.85,102293.0
2464,2464 盟立,2017-01-03,37.35,38.75,37.35,38.6,3978560.0
2465,2465 麗臺,2017-01-03,7.85,8.05,7.85,8.0,171314.0
2466,2466 冠西電,2017-01-03,35.0,35.15,34.9,35.15,101001.0
2467,2467 志聖,2017-01-03,20.7,21.4,20.5,21.0,3852250.0
2468,2468 華經,2017-01-03,10.6,10.6,10.55,10.55,15000.0
2471,2471 資通,2017-01-03,14.7,14.7,14.5,14.6,80007.0
2472,2472 立隆電,2017-01-03,39.0,39.05,38.9,39.0,87217.0
2474,2474 可成,2017-01-03,225.0,225.5,223.0,225.5,1100880.0
2476,2476 鉅祥,2017-01-03,25.8,25.8,25.65,25.75,156285.0
2477,2477 美隆電,2017-01-03,17.2,17.6,17.05,17.35,657840.0
2478,2478 大毅,2017-01-03,19.0,19.05,19.0,19.05,114056.0
2480,2480 敦陽科,2017-01-03,27.5,27.7,27.35,27.65,61689.0
2481,2481 強茂,2017-01-03,16.55,16.75,16.45,16.65,1375000.0
2482,2482 連宇,2017-01-03,13.1,13.1,12.95,13.0,42000.0
2483,2483 百容,2017-01-03,17.15,17.2,17.1,17.2,24318.0
2484,2484 希華,2017-01-03,18.4,18.55,18.35,18.4,225112.0
2485,2485 兆赫,2017-01-03,33.45,33.75,33.4,33.5,1177040.0
2486,2486 一詮,2017-01-03,8.98,9.15,8.98,8.98,697242.0
2488,2488 漢平,2017-01-03,43.2,43.65,43.2,43.5,366004.0
2489,2489 瑞軒,2017-01-03,22.35,22.5,22.2,22.4,2962590.0
2491,2491 吉祥全,2017-01-03,7.53,7.89,7.53,7.56,8260.0
2492,2492 華新科,2017-01-03,35.35,35.6,34.35,34.75,3035680.0
2493,2493 揚博,2017-01-03,27.2,27.25,27.05,27.15,82005.0
2495,2495 普安,2017-01-03,16.15,16.35,16.15,16.35,432481.0
2496,2496 卓越,2017-01-03,103.0,103.0,103.0,103.0,1779.0
2497,2497 怡利電,2017-01-03,32.95,32.95,32.25,32.65,201402.0
2498,2498 宏達電,2017-01-03,79.2,79.6,78.8,79.2,2989830.0
2501,2501 國建,2017-01-03,18.2,18.2,17.85,18.0,869273.0
2504,2504 國產,2017-01-03,6.65,6.8,6.65,6.74,1277230.0
2505,2505 國揚,2017-01-03,11.95,12.0,11.95,12.0,28600.0
2506,2506 太設,2017-01-03,11.25,11.5,11.25,11.4,31155.0
2509,2509 全坤建,2017-01-03,18.1,18.1,17.5,17.7,39000.0
2511,2511 太子,2017-01-03,10.5,10.5,10.35,10.4,189087.0
2514,2514 龍邦,2017-01-03,16.7,16.75,16.55,16.75,405113.0
2515,2515 中工,2017-01-03,6.23,6.23,6.14,6.17,2656920.0
2516,2516 新建,2017-01-03,7.05,7.11,7.0,7.06,380525.0
2520,2520 冠德,2017-01-03,19.6,19.6,19.4,19.55,1035080.0
2524,2524 京城,2017-01-03,21.1,21.45,20.9,21.25,172110.0
2527,2527 宏璟,2017-01-03,19.0,19.2,18.95,19.0,68000.0
2528,2528 皇普,2017-01-03,6.46,6.46,6.3,6.3,4000.0
2530,2530 華建,2017-01-03,13.5,13.55,13.35,13.5,43007.0
2534,2534 宏盛,2017-01-03,18.5,18.7,18.3,18.6,736600.0
2535,2535 達欣工,2017-01-03,19.75,19.75,19.35,19.35,252208.0
2536,2536 宏普,2017-01-03,25.6,25.95,25.6,25.9,187997.0
2537,2537 聯上發,2017-01-03,9.58,9.62,9.52,9.54,305240.0
2538,2538 基泰,2017-01-03,9.75,9.76,9.7,9.74,303522.0
2539,2539 櫻花建,2017-01-03,24.9,25.65,24.85,25.65,12803.0
2540,2540 愛山林,2017-01-03,24.0,24.0,24.0,24.0,1330.0
2542,2542 興富發,2017-01-03,45.5,45.65,45.05,45.3,701409.0
2543,2543 皇昌,2017-01-03,9.25,9.25,9.12,9.25,12004.0
2545,2545 皇翔,2017-01-03,40.0,40.05,39.65,39.75,195759.0
2546,2546 根基,2017-01-03,17.0,17.25,17.0,17.25,96007.0
2547,2547 日勝生,2017-01-03,9.37,9.38,9.25,9.25,164823.0
2548,2548 華固,2017-01-03,61.1,61.1,60.3,60.7,883177.0
2597,2597 潤弘,2017-01-03,37.35,37.35,37.0,37.2,17007.0
2601,2601 益航,2017-01-03,7.01,7.06,7.0,7.06,321156.0
2603,2603 長榮,2017-01-03,11.2,11.65,11.2,11.6,27772200.0
2605,2605 新興,2017-01-03,19.5,19.7,19.45,19.55,598976.0
2606,2606 裕民,2017-01-03,25.3,25.35,25.1,25.1,838172.0
2607,2607 榮運,2017-01-03,12.8,13.0,12.8,12.9,398728.0
2608,2608 嘉里大榮,2017-01-03,44.5,44.65,44.1,44.5,161606.0
2609,2609 陽明,2017-01-03,4.94,5.03,4.87,4.93,23059100.0
2610,2610 華航,2017-01-03,9.29,9.3,9.26,9.28,2520440.0
2611,2611 志信,2017-01-03,6.82,7.09,6.82,7.06,362199.0
2612,2612 中航,2017-01-03,26.9,26.9,26.6,26.75,455911.0
2613,2613 中櫃,2017-01-03,12.9,13.0,12.8,13.0,267492.0
2614,2614 東森,2017-01-03,7.13,7.18,7.08,7.14,764079.0
2615,2615 萬海,2017-01-03,16.35,16.75,16.35,16.65,3696320.0
2616,2616 山隆,2017-01-03,27.9,28.0,27.4,27.85,138176.0
2617,2617 台航,2017-01-03,12.3,12.45,12.3,12.4,327000.0
2618,2618 長榮航,2017-01-03,14.6,14.65,14.55,14.6,2866300.0
2633,2633 台灣高鐵,2017-01-03,18.4,19.0,18.4,18.85,4731840.0
2634,2634 漢翔,2017-01-03,38.2,38.7,38.2,38.6,634184.0
2636,2636 台驊投控,2017-01-03,22.0,22.1,21.6,21.8,758975.0
2637,2637 慧洋-KY,2017-01-03,30.45,30.85,30.3,30.5,583473.0
2642,2642 宅配通,2017-01-03,24.8,25.2,24.8,25.1,60042.0
2701,2701 萬企,2017-01-03,13.55,13.55,13.35,13.4,21444.0
2702,2702 華園,2017-01-03,16.1,16.1,16.05,16.05,9528.0
2704,2704 國賓,2017-01-03,23.4,23.4,23.3,23.3,60070.0
2705,2705 六福,2017-01-03,8.15,8.19,8.13,8.16,193480.0
2706,2706 第一店,2017-01-03,16.3,16.3,16.25,16.3,48105.0
2707,2707 晶華,2017-01-03,169.5,169.5,168.0,169.0,48632.0
2712,2712 遠雄來,2017-01-03,26.8,26.8,26.2,26.2,4000.0
2722,2722 夏都,2017-01-03,42.2,42.2,41.1,41.1,2542.0
2723,2723 美食-KY,2017-01-03,245.0,245.5,242.5,244.5,128950.0
2727,2727 王品,2017-01-03,131.5,132.5,130.0,132.0,209696.0
2731,2731 雄獅,2017-01-03,83.0,83.0,81.8,82.7,29000.0
2739,2739 寒舍,2017-01-03,31.8,31.8,31.05,31.6,86050.0
2748,2748 雲品,2017-01-03,48.2,48.5,48.2,48.3,27000.0
2801,2801 彰銀,2017-01-03,17.2,17.2,17.0,17.1,2337390.0
2809,2809 京城銀,2017-01-03,28.15,28.2,27.8,28.05,445397.0
2812,2812 台中銀,2017-01-03,9.18,9.19,9.15,9.19,514145.0
2816,2816 旺旺保,2017-01-03,15.2,15.25,14.85,15.0,228564.0
2820,2820 華票,2017-01-03,13.0,13.0,12.95,13.0,814515.0
2832,2832 台產,2017-01-03,19.15,19.35,19.15,19.3,69083.0
2834,2834 臺企銀,2017-01-03,8.15,8.15,8.1,8.14,1368280.0
2836,2836 高雄銀,2017-01-03,9.01,9.07,9.01,9.05,560426.0
2838,2838 聯邦銀,2017-01-03,8.92,8.98,8.91,8.94,125985.0
2845,2845 遠東銀,2017-01-03,9.1,9.12,9.08,9.12,743755.0
2849,2849 安泰銀,2017-01-03,14.4,14.5,14.05,14.45,608503.0
2850,2850 新產,2017-01-03,26.15,26.75,26.15,26.65,170412.0
2851,2851 中再保,2017-01-03,14.85,14.9,14.8,14.8,25000.0
2852,2852 第一保,2017-01-03,13.2,13.25,13.05,13.2,152145.0
2855,2855 統一證,2017-01-03,11.8,11.8,11.65,11.7,548136.0
2867,2867 三商壽,2017-01-03,17.0,17.05,16.9,17.05,1059440.0
2880,2880 華南金,2017-01-03,16.25,16.25,16.15,16.25,2670730.0
2881,2881 富邦金,2017-01-03,51.2,51.4,50.7,51.4,5281560.0
2881A,2881A 富邦特,2017-01-03,61.9,61.9,61.8,61.8,132231.0
2882,2882 國泰金,2017-01-03,48.1,48.2,47.7,48.0,6117150.0
2883,2883 開發金,2017-01-03,8.06,8.07,8.01,8.06,6355240.0
2884,2884 玉山金,2017-01-03,18.25,18.4,18.2,18.4,3692460.0
2885,2885 元大金,2017-01-03,12.0,12.0,11.85,11.95,12177300.0
2886,2886 兆豐金,2017-01-03,22.9,23.1,22.8,23.1,9011270.0
2887,2887 台新金,2017-01-03,11.8,11.8,11.7,11.8,5850780.0
2888,2888 新光金,2017-01-03,7.9,7.95,7.81,7.85,12320600.0
2889,2889 國票金,2017-01-03,8.24,8.27,8.23,8.26,967344.0
2890,2890 永豐金,2017-01-03,9.08,9.08,9.04,9.07,3240560.0
2891,2891 中信金,2017-01-03,17.7,17.75,17.6,17.7,13746600.0
2892,2892 第一金,2017-01-03,17.2,17.2,17.1,17.15,4693900.0
2901,2901 欣欣,2017-01-03,25.2,25.4,25.1,25.3,25478.0
2903,2903 遠百,2017-01-03,15.95,16.0,15.85,16.0,709346.0
2904,2904 匯僑,2017-01-03,24.4,24.5,24.35,24.45,35008.0
2905,2905 三商,2017-01-03,22.85,22.95,22.7,22.8,335656.0
2906,2906 高林,2017-01-03,10.4,10.45,10.35,10.4,70696.0
2908,2908 特力,2017-01-03,20.0,20.25,19.85,20.0,436039.0
2910,2910 統領,2017-01-03,39.0,39.0,39.0,39.0,2060.0
2911,2911 麗嬰房,2017-01-03,11.0,11.2,11.0,11.15,278179.0
2912,2912 統一超,2017-01-03,232.0,233.5,230.5,233.0,367497.0
2913,2913 農林,2017-01-03,14.1,14.15,14.0,14.1,361093.0
2915,2915 潤泰全,2017-01-03,53.9,53.9,53.4,53.7,1448060.0
2923,2923 鼎固-KY,2017-01-03,20.7,20.8,20.7,20.75,4000.0
2929,2929 淘帝-KY,2017-01-03,106.0,106.5,104.5,105.0,301054.0
3002,3002 歐格,2017-01-03,10.55,10.55,10.4,10.55,47000.0
3003,3003 健和興,2017-01-03,38.75,38.95,38.0,38.35,1535260.0
3004,3004 豐達科,2017-01-03,49.6,49.7,49.2,49.25,59060.0
3005,3005 神基,2017-01-03,38.2,39.2,38.0,39.15,4348560.0
3006,3006 晶豪科,2017-01-03,33.35,33.65,33.25,33.35,1203210.0
3008,3008 大立光,2017-01-03,3805.0,3810.0,3780.0,3795.0,214625.0
3010,3010 華立,2017-01-03,45.9,46.0,45.8,45.85,52934.0
3011,3011 今皓,2017-01-03,7.4,7.57,7.24,7.46,624421.0
3013,3013 晟銘電,2017-01-03,17.6,18.2,17.6,18.0,999200.0
3014,3014 聯陽,2017-01-03,30.0,30.1,29.95,30.1,219231.0
3015,3015 全漢,2017-01-03,23.75,23.85,23.75,23.85,28559.0
3016,3016 嘉晶,2017-01-03,19.55,19.6,19.2,19.2,907108.0
3017,3017 奇鋐,2017-01-03,25.1,25.5,25.1,25.35,2443250.0
3018,3018 同開,2017-01-03,17.95,18.0,17.8,18.0,160143.0
3019,3019 亞光,2017-01-03,30.65,31.0,30.45,30.9,949488.0
3021,3021 鴻名,2017-01-03,12.5,12.5,12.4,12.4,159104.0
3022,3022 威強電,2017-01-03,44.7,45.7,44.7,45.45,298632.0
3023,3023 信邦,2017-01-03,69.7,70.0,69.6,69.7,169760.0
3024,3024 憶聲,2017-01-03,7.05,7.15,7.04,7.05,170058.0
3025,3025 星通,2017-01-03,11.6,11.65,11.5,11.65,142390.0
3026,3026 禾伸堂,2017-01-03,32.3,32.4,32.2,32.3,191507.0
3027,3027 盛達,2017-01-03,12.4,12.5,12.4,12.4,154690.0
3028,3028 增你強,2017-01-03,17.0,17.1,17.0,17.1,72374.0
3029,3029 零壹,2017-01-03,17.9,18.0,17.8,17.9,375153.0
3030,3030 德律,2017-01-03,37.7,38.2,37.7,38.0,73133.0
3031,3031 佰鴻,2017-01-03,12.8,12.85,12.6,12.65,2004530.0
3032,3032 偉訓,2017-01-03,38.65,38.65,37.9,37.9,412120.0
3033,3033 威健,2017-01-03,16.85,16.95,16.85,16.9,113636.0
3034,3034 聯詠,2017-01-03,106.5,107.0,106.0,107.0,848467.0
3035,3035 智原,2017-01-03,30.35,30.8,30.1,30.75,972325.0
3036,3036 文曄,2017-01-03,43.0,43.35,42.6,43.35,739913.0
3037,3037 欣興,2017-01-03,12.4,12.45,12.3,12.35,1241140.0
3038,3038 全台,2017-01-03,9.8,9.9,9.75,9.85,243230.0
3040,3040 遠見,2017-01-03,37.85,37.95,37.6,37.9,40100.0
3041,3041 揚智,2017-01-03,15.95,15.95,15.7,15.75,366062.0
3042,3042 晶技,2017-01-03,41.25,41.25,40.75,40.75,417500.0
3043,3043 科風,2017-01-03,2.05,2.2,2.05,2.18,151579.0
3044,3044 健鼎,2017-01-03,73.0,73.4,72.0,72.8,1930240.0
3045,3045 台灣大,2017-01-03,104.0,105.0,104.0,104.5,1592000.0
3046,3046 建碁,2017-01-03,4.88,4.88,4.76,4.84,132650.0
3047,3047 訊舟,2017-01-03,10.4,10.65,10.35,10.6,903224.0
3048,3048 益登,2017-01-03,16.6,16.7,16.55,16.65,158172.0
3049,3049 和鑫,2017-01-03,8.6,9.17,8.55,9.02,6757900.0
3050,3050 鈺德,2017-01-03,11.0,11.05,10.85,10.95,284008.0
3051,3051 力特,2017-01-03,4.87,4.97,4.58,4.62,4431720.0
3052,3052 夆典,2017-01-03,8.15,8.19,8.08,8.12,154008.0
3054,3054 立萬利,2017-01-03,21.65,21.9,21.65,21.7,389143.0
3055,3055 蔚華科,2017-01-03,17.25,17.3,17.2,17.2,134456.0
3056,3056 總太,2017-01-03,17.95,18.2,17.95,18.0,302384.0
3057,3057 喬鼎,2017-01-03,15.75,15.95,15.5,15.6,1120310.0
3058,3058 立德,2017-01-03,10.7,10.8,10.6,10.65,428109.0
3059,3059 華晶科,2017-01-03,22.15,22.4,22.1,22.2,661068.0
3060,3060 銘異,2017-01-03,30.3,31.2,30.3,30.7,2043100.0
3062,3062 建漢,2017-01-03,19.35,19.45,19.3,19.35,480414.0
3090,3090 日電貿,2017-01-03,24.5,24.5,24.4,24.4,45459.0
3094,3094 聯傑,2017-01-03,21.45,21.5,21.2,21.3,176128.0
3130,3130 一零四,2017-01-03,140.0,140.0,139.5,140.0,14000.0
3149,3149 正達,2017-01-03,20.5,20.95,20.4,20.5,478304.0
3164,3164 景岳,2017-01-03,23.5,23.8,23.3,23.3,303020.0
3167,3167 大量,2017-01-03,25.8,26.2,25.8,26.1,112156.0
3189,3189 景碩,2017-01-03,71.5,71.6,70.5,71.1,715246.0
3209,3209 全科,2017-01-03,24.5,24.5,24.3,24.35,115673.0
3229,3229 晟鈦,2017-01-03,11.3,11.5,11.3,11.45,15009.0
3231,3231 緯創,2017-01-03,25.2,25.3,24.95,25.0,14719300.0
3257,3257 虹冠電,2017-01-03,36.35,36.8,36.3,36.6,25513.0
3266,3266 昇陽,2017-01-03,11.5,11.5,11.45,11.5,42800.0
3296,3296 勝德,2017-01-03,12.55,12.6,12.55,12.6,73150.0
3305,3305 昇貿,2017-01-03,32.1,32.1,31.35,31.6,783428.0
3308,3308 聯德,2017-01-03,7.9,7.9,7.77,7.85,30000.0
3311,3311 閎暉,2017-01-03,15.1,15.1,14.95,15.1,307154.0
3312,3312 弘憶股,2017-01-03,7.32,7.32,7.26,7.29,103783.0
3321,3321 同泰,2017-01-03,14.15,14.25,14.1,14.25,35000.0
3338,3338 泰碩,2017-01-03,34.35,34.7,33.9,33.9,1613020.0
3346,3346 麗清,2017-01-03,60.0,61.4,58.4,60.0,1742170.0
3356,3356 奇偶,2017-01-03,47.8,48.15,47.45,47.9,297483.0
3376,3376 新日興,2017-01-03,82.6,83.0,82.2,82.6,590100.0
3380,3380 明泰,2017-01-03,19.65,20.25,19.65,20.0,1891580.0
3406,3406 玉晶光,2017-01-03,111.5,111.5,108.5,109.5,4429830.0
3413,3413 京鼎,2017-01-03,86.0,86.4,85.2,86.2,533019.0
3416,3416 融程電,2017-01-03,52.6,55.8,52.6,55.3,622143.0
3419,3419 譁裕,2017-01-03,16.65,17.35,16.45,17.15,4001260.0
3432,3432 台端,2017-01-03,12.35,12.35,12.35,12.35,10000.0
3437,3437 榮創,2017-01-03,22.4,22.65,22.4,22.6,78500.0
3443,3443 創意,2017-01-03,78.5,79.2,77.8,78.9,257609.0
3450,3450 聯鈞,2017-01-03,130.5,131.5,129.5,131.0,1933940.0
3454,3454 晶睿,2017-01-03,84.6,84.6,83.5,83.9,311252.0
3481,3481 群創,2017-01-03,11.7,12.1,11.65,12.1,131833000.0
3494,3494 誠研,2017-01-03,12.5,12.65,12.4,12.5,205007.0
3501,3501 維熹,2017-01-03,51.2,51.7,51.0,51.6,258681.0
3504,3504 揚明光,2017-01-03,26.05,26.15,26.0,26.0,89000.0
3515,3515 華擎,2017-01-03,37.2,37.3,37.2,37.3,42000.0
3518,3518 柏騰,2017-01-03,21.5,21.7,21.5,21.7,63006.0
3528,3528 安馳,2017-01-03,28.85,28.9,28.75,28.8,47519.0
3532,3532 台勝科,2017-01-03,64.8,65.4,64.0,65.3,698417.0
3533,3533 嘉澤,2017-01-03,96.5,97.5,95.6,96.5,1441890.0
3535,3535 晶彩科,2017-01-03,17.65,17.65,17.3,17.4,1127520.0
3536,3536 誠創,2017-01-03,17.8,17.85,17.55,17.75,223491.0
3545,3545 敦泰,2017-01-03,35.5,35.85,35.45,35.8,3828520.0
3550,3550 聯穎,2017-01-03,15.0,15.2,14.9,15.0,139000.0
3557,3557 嘉威,2017-01-03,6.03,6.05,5.91,5.92,62816.0
3576,3576 聯合再生,2017-01-03,15.25,15.3,15.1,15.15,2454600.0
3583,3583 辛耘,2017-01-03,60.5,60.6,58.7,58.7,114000.0
3588,3588 通嘉,2017-01-03,36.55,36.7,35.75,35.8,479110.0
3591,3591 艾笛森,2017-01-03,13.4,13.5,13.3,13.35,77754.0
3593,3593 力銘,2017-01-03,6.65,6.9,6.64,6.8,102014.0
3596,3596 智易,2017-01-03,57.2,57.7,56.9,57.2,1827360.0
3605,3605 宏致,2017-01-03,25.05,25.45,25.05,25.45,815261.0
3607,3607 谷崧,2017-01-03,33.35,33.5,33.2,33.35,156017.0
3617,3617 碩天,2017-01-03,99.8,99.8,98.5,99.3,46000.0
3622,3622 洋華,2017-01-03,12.35,12.35,12.15,12.25,357398.0
3645,3645 達邁,2017-01-03,31.9,32.15,31.5,31.95,158009.0
3653,3653 健策,2017-01-03,47.6,48.0,47.6,47.95,35000.0
3661,3661 世芯-KY,2017-01-03,31.4,31.65,30.7,30.75,614000.0
3665,3665 貿聯-KY,2017-01-03,167.0,170.5,166.5,168.5,974825.0
3669,3669 圓展,2017-01-03,20.0,20.1,20.0,20.0,7000.0
3673,3673 TPK-KY,2017-01-03,59.3,59.3,57.8,57.8,7762220.0
3679,3679 新至陞,2017-01-03,70.8,71.0,70.0,70.0,41030.0
3682,3682 亞太電,2017-01-03,10.35,10.55,10.35,10.4,6152690.0
3686,3686 達能,2017-01-03,7.25,7.3,7.21,7.22,1196010.0
3694,3694 海華,2017-01-03,14.05,14.25,13.95,14.1,100000.0
3701,3701 大眾控,2017-01-03,6.81,6.94,6.81,6.94,35873.0
3702,3702 大聯大,2017-01-03,38.0,38.0,37.45,37.75,2288890.0
3703,3703 欣陸,2017-01-03,10.45,10.65,10.4,10.55,236166.0
3704,3704 合勤控,2017-01-03,14.5,14.65,14.5,14.5,89322.0
3705,3705 永信,2017-01-03,45.7,46.0,45.65,45.8,86208.0
3706,3706 神達,2017-01-03,30.95,31.0,30.75,30.85,1364960.0
3708,3708 上緯投控,2017-01-03,74.0,75.1,73.1,74.1,289948.0
4104,4104 佳醫,2017-01-03,45.35,45.9,45.1,45.75,297768.0
4106,4106 雃博,2017-01-03,33.85,34.0,33.7,33.95,37153.0
4108,4108 懷特,2017-01-03,31.35,31.35,30.8,30.8,1057480.0
4119,4119 旭富,2017-01-03,76.8,77.1,75.5,75.8,604632.0
4133,4133 亞諾法,2017-01-03,36.95,36.95,36.5,36.5,56101.0
4137,4137 麗豐-KY,2017-01-03,152.0,153.0,151.0,151.0,669289.0
4142,4142 國光生,2017-01-03,22.85,22.9,22.7,22.75,159010.0
4164,4164 承業醫,2017-01-03,43.9,44.65,43.9,44.45,193133.0
4190,4190 佐登-KY,2017-01-03,85.1,85.5,84.0,84.0,99025.0
4306,4306 炎洲,2017-01-03,12.2,12.25,12.1,12.2,216217.0
4414,4414 如興,2017-01-03,17.55,17.65,17.55,17.6,142522.0
4426,4426 利勤,2017-01-03,107.5,107.5,106.5,107.0,122892.0
4438,4438 廣越,2017-01-03,144.0,146.5,144.0,145.5,45145.0
4526,4526 東台,2017-01-03,21.35,21.4,21.25,21.35,132185.0
4532,4532 瑞智,2017-01-03,31.8,32.4,31.7,32.3,1908530.0
4536,4536 拓凱,2017-01-03,102.0,102.0,99.5,100.5,32000.0
4545,4545 銘鈺,2017-01-03,42.3,42.6,42.3,42.35,29000.0
4551,4551 智伸科,2017-01-03,133.5,135.0,131.5,131.5,106013.0
4552,4552 力達-KY,2017-01-03,112.0,112.0,110.0,111.0,199200.0
4555,4555 氣立,2017-01-03,60.8,60.8,60.1,60.1,7000.0
4557,4557 永新-KY,2017-01-03,73.4,74.5,72.6,73.8,1446030.0
4720,4720 德淵,2017-01-03,14.85,14.95,14.85,14.9,42200.0
4722,4722 國精化,2017-01-03,33.9,34.05,33.9,34.0,96002.0
4737,4737 華廣,2017-01-03,55.7,56.3,55.4,56.0,111030.0
4746,4746 台耀,2017-01-03,100.0,100.5,98.3,98.3,646722.0
4755,4755 三福化,2017-01-03,30.55,30.95,30.55,30.8,36000.0
4763,4763 材料-KY,2017-01-03,118.0,119.0,117.0,119.0,95000.0
4904,4904 遠傳,2017-01-03,72.4,72.4,71.4,71.7,3138560.0
4906,4906 正文,2017-01-03,23.7,24.3,23.65,23.9,2949820.0
4912,4912 聯德控股-KY,2017-01-03,78.8,78.9,77.8,77.8,42000.0
4915,4915 致伸,2017-01-03,43.9,44.05,43.5,43.6,2346500.0
4916,4916 事欣科,2017-01-03,33.5,33.5,32.8,32.8,251002.0
4919,4919 新唐,2017-01-03,38.95,39.1,38.7,38.7,578955.0
4927,4927 泰鼎-KY,2017-01-03,30.4,30.4,30.25,30.3,98017.0
4930,4930 燦星網,2017-01-03,13.0,13.1,13.0,13.1,120598.0
4934,4934 太極,2017-01-03,14.45,14.5,14.3,14.45,2488270.0
4935,4935 茂林-KY,2017-01-03,69.3,69.5,68.1,68.3,888125.0
4938,4938 和碩,2017-01-03,77.4,78.8,77.1,78.4,5110470.0
4942,4942 嘉彰,2017-01-03,26.7,26.7,26.25,26.25,167000.0
4943,4943 康控-KY,2017-01-03,64.7,64.7,62.0,62.3,215300.0
4952,4952 凌通,2017-01-03,37.5,37.75,37.35,37.65,244000.0
4956,4956 光鋐,2017-01-03,20.4,22.05,20.4,22.05,6906800.0
4958,4958 臻鼎-KY,2017-01-03,64.1,64.2,63.6,63.8,672400.0
4960,4960 誠美材,2017-01-03,13.8,14.1,13.75,13.75,20713300.0
4968,4968 立積,2017-01-03,57.2,58.1,57.2,57.6,122200.0
4976,4976 佳凌,2017-01-03,24.35,24.35,23.45,23.75,449720.0
4977,4977 眾達-KY,2017-01-03,85.0,88.5,84.2,88.5,1892640.0
4994,4994 傳奇,2017-01-03,68.2,70.0,68.1,69.2,326000.0
4999,4999 鑫禾,2017-01-03,53.0,53.0,52.6,52.8,50036.0
5007,5007 三星,2017-01-03,54.9,54.9,54.5,54.8,11260.0
5203,5203 訊連,2017-01-03,75.3,75.6,73.1,73.7,220762.0
5215,5215 科嘉-KY,2017-01-03,28.35,28.7,28.0,28.15,63000.0
5225,5225 東科-KY,2017-01-03,31.3,31.5,31.05,31.5,19000.0
5234,5234 達興材料,2017-01-03,36.4,36.5,36.0,36.3,37500.0
5243,5243 乙盛-KY,2017-01-03,39.15,39.2,38.75,38.85,653130.0
5258,5258 虹堡,2017-01-03,41.5,41.6,39.6,40.1,1143400.0
5269,5269 祥碩,2017-01-03,270.0,280.0,267.5,275.0,777200.0
5285,5285 界霖,2017-01-03,35.15,35.2,34.65,34.8,31020.0
5288,5288 豐祥-KY,2017-01-03,79.5,81.4,79.5,80.7,322000.0
5388,5388 中磊,2017-01-03,77.6,78.0,77.4,78.0,629555.0
5434,5434 崇越,2017-01-03,84.4,86.9,84.2,86.1,1833340.0
5469,5469 瀚宇博,2017-01-03,17.7,18.0,17.6,17.8,1982190.0
5471,5471 松翰,2017-01-03,31.75,32.15,31.75,32.15,64634.0
5484,5484 慧友,2017-01-03,6.54,6.55,6.48,6.55,33003.0
5515,5515 建國,2017-01-03,8.69,8.69,8.62,8.68,50222.0
5519,5519 隆大,2017-01-03,10.45,10.65,10.45,10.6,111439.0
5521,5521 工信,2017-01-03,9.92,9.96,9.86,9.94,478145.0
5522,5522 遠雄,2017-01-03,36.95,36.95,36.75,36.95,170715.0
5525,5525 順天,2017-01-03,14.25,14.25,14.2,14.2,8292.0
5531,5531 鄉林,2017-01-03,10.25,10.3,10.15,10.2,162910.0
5533,5533 皇鼎,2017-01-03,15.8,15.8,15.7,15.8,52000.0
5534,5534 長虹,2017-01-03,63.7,65.1,63.2,64.2,598888.0
5538,5538 東明-KY,2017-01-03,28.6,28.6,28.5,28.55,8000.0
5607,5607 遠雄港,2017-01-03,14.35,14.35,14.2,14.3,82000.0
5608,5608 四維航,2017-01-03,8.88,8.92,8.85,8.86,177818.0
5706,5706 鳳凰,2017-01-03,34.3,34.55,34.3,34.3,20033.0
5871,5871 中租-KY,2017-01-03,55.1,55.2,54.9,55.2,887954.0
5880,5880 合庫金,2017-01-03,14.05,14.05,14.0,14.05,2097640.0
5906,5906 台南-KY,2017-01-03,5.95,6.2,5.95,6.0,8000.0
5907,5907 大洋-KY,2017-01-03,21.6,21.7,21.55,21.65,78000.0
6005,6005 群益證,2017-01-03,9.62,9.62,9.37,9.45,4027110.0
6108,6108 競國,2017-01-03,27.4,28.7,27.4,28.2,1725300.0
6112,6112 邁達特,2017-01-03,26.7,26.75,26.65,26.7,49550.0
6115,6115 鎰勝,2017-01-03,44.5,44.7,44.2,44.5,32000.0
6116,6116 彩晶,2017-01-03,7.96,8.02,7.94,7.96,59917100.0
6117,6117 迎廣,2017-01-03,13.3,13.3,13.2,13.3,14000.0
6120,6120 達運,2017-01-03,12.75,12.9,12.75,12.75,90718.0
6128,6128 上福,2017-01-03,41.4,41.85,41.35,41.7,25414.0
6133,6133 金橋,2017-01-03,9.13,9.13,9.1,9.1,7195.0
6136,6136 富爾特,2017-01-03,23.85,23.9,23.8,23.85,67210.0
6139,6139 亞翔,2017-01-03,37.2,37.55,36.6,36.6,11212400.0
6141,6141 柏承,2017-01-03,10.45,10.5,10.35,10.4,73000.0
6142,6142 友勁,2017-01-03,6.1,6.36,6.08,6.22,2258120.0
6152,6152 百一,2017-01-03,10.0,10.05,9.97,9.97,200508.0
6153,6153 嘉聯益,2017-01-03,18.0,18.1,17.95,18.0,397845.0
6155,6155 鈞寶,2017-01-03,17.5,17.55,17.35,17.55,12085.0
6164,6164 華興,2017-01-03,14.3,14.7,14.15,14.7,618295.0
6165,6165 浪凡,2017-01-03,15.4,15.7,15.1,15.7,25139.0
6166,6166 凌華,2017-01-03,61.3,62.3,61.3,61.8,193455.0
6168,6168 宏齊,2017-01-03,11.1,11.4,11.0,11.15,1132600.0
6176,6176 瑞儀,2017-01-03,56.2,56.3,55.1,56.0,1921360.0
6177,6177 達麗,2017-01-03,19.5,19.65,19.4,19.5,46531.0
6183,6183 關貿,2017-01-03,25.7,25.8,25.7,25.8,50000.0
6184,6184 大豐電,2017-01-03,32.75,32.85,32.6,32.85,62670.0
6189,6189 豐藝,2017-01-03,30.5,30.7,30.5,30.65,62385.0
6191,6191 精成科,2017-01-03,12.5,12.7,12.35,12.5,2722000.0
6192,6192 巨路,2017-01-03,53.0,53.0,52.3,52.3,58218.0
6196,6196 帆宣,2017-01-03,28.25,28.55,28.2,28.4,763710.0
6197,6197 佳必琪,2017-01-03,28.4,28.65,28.4,28.5,252056.0
6201,6201 亞弘電,2017-01-03,30.9,30.9,30.7,30.85,20000.0
6202,6202 盛群,2017-01-03,49.5,49.8,49.45,49.7,208473.0
6205,6205 詮欣,2017-01-03,29.6,29.6,29.25,29.35,76000.0
6206,6206 飛捷,2017-01-03,94.1,95.8,94.1,95.6,56276.0
6209,6209 今國光,2017-01-03,20.45,20.75,20.25,20.45,447004.0
6213,6213 聯茂,2017-01-03,33.3,33.65,33.3,33.55,360065.0
6214,6214 精誠,2017-01-03,58.5,58.6,57.8,58.5,723038.0
6215,6215 和椿,2017-01-03,12.3,12.35,12.1,12.25,236004.0
6216,6216 居易,2017-01-03,30.0,30.1,30.0,30.05,54633.0
6224,6224 聚鼎,2017-01-03,58.5,58.6,58.5,58.6,32202.0
6225,6225 天瀚,2017-01-03,3.5,3.68,3.5,3.68,3002.0
6226,6226 光鼎,2017-01-03,6.87,6.89,6.77,6.81,201315.0
6230,6230 尼得科超眾,2017-01-03,133.5,134.0,131.5,132.0,545250.0
6235,6235 華孚,2017-01-03,19.95,20.9,19.9,20.9,3272400.0
6239,6239 力成,2017-01-03,86.5,86.9,85.7,86.6,1967580.0
6243,6243 迅杰,2017-01-03,14.2,14.3,14.1,14.15,108249.0
6257,6257 矽格,2017-01-03,23.4,23.45,23.3,23.4,271686.0
6269,6269 台郡,2017-01-03,84.1,85.6,83.8,85.5,1893130.0
6271,6271 同欣電,2017-01-03,110.5,110.5,108.0,108.5,370431.0
6277,6277 宏正,2017-01-03,80.3,80.5,80.0,80.5,35175.0
6278,6278 台表科,2017-01-03,26.4,26.6,26.4,26.45,285838.0
6281,6281 全國電,2017-01-03,63.3,63.3,62.7,62.9,45765.0
6282,6282 康舒,2017-01-03,24.1,24.1,23.75,23.8,1387800.0
6283,6283 淳安,2017-01-03,27.65,28.5,27.5,27.65,2329110.0
6285,6285 啟碁,2017-01-03,86.7,87.2,86.2,87.1,793353.0
6405,6405 悅城,2017-01-03,16.5,16.5,16.3,16.3,23000.0
6409,6409 旭隼,2017-01-03,445.0,450.5,445.0,446.0,39055.0
6412,6412 群電,2017-01-03,49.9,49.9,49.25,49.35,289220.0
6414,6414 樺漢,2017-01-03,414.0,426.5,409.0,426.5,517269.0
6415,6415 矽力*-KY,2017-01-03,453.0,463.0,452.0,462.0,203120.0
6431,6431 光麗-KY,2017-01-03,7.94,8.14,7.9,8.14,21002.0
6442,6442 光聖,2017-01-03,47.1,47.55,47.0,47.4,66000.0
6443,6443 元晶,2017-01-03,10.35,10.45,10.25,10.35,1118340.0
6449,6449 鈺邦,2017-01-03,30.7,30.7,30.5,30.6,71100.0
6451,6451 訊芯-KY,2017-01-03,102.0,103.0,100.0,100.5,872738.0
6456,6456 GIS-KY,2017-01-03,91.0,91.6,90.9,91.0,694103.0
6464,6464 台數科,2017-01-03,125.0,125.0,125.0,125.0,3000.0
6477,6477 安集,2017-01-03,18.5,18.55,18.45,18.45,52030.0
6504,6504 南六,2017-01-03,150.5,151.5,150.5,151.5,101900.0
6505,6505 台塑化,2017-01-03,112.0,112.0,109.0,109.5,2354050.0
6525,6525 捷敏-KY,2017-01-03,52.9,52.9,52.1,52.4,180280.0
6531,6531 愛普*,2017-01-03,72.4,73.3,71.5,73.2,295010.0
6605,6605 帝寶,2017-01-03,86.0,86.0,85.0,85.4,58000.0
8011,8011 台通,2017-01-03,21.2,21.4,20.75,20.8,1684470.0
8016,8016 矽創,2017-01-03,102.5,102.5,100.5,102.0,756145.0
8021,8021 尖點,2017-01-03,19.75,19.95,19.5,19.7,319004.0
8033,8033 雷虎,2017-01-03,8.7,8.7,8.47,8.55,76294.0
8039,8039 台虹,2017-01-03,34.0,34.65,33.85,34.55,405920.0
8046,8046 南電,2017-01-03,24.65,24.9,24.4,24.6,473200.0
8070,8070 長華*,2017-01-03,133.0,133.0,128.5,129.5,387910.0
8072,8072 陞泰,2017-01-03,22.3,22.3,22.05,22.05,67000.0
8081,8081 致新,2017-01-03,70.4,70.6,69.8,69.9,175511.0
8101,8101 華冠,2017-01-03,5.12,5.24,5.12,5.14,103061.0
8103,8103 瀚荃,2017-01-03,27.65,28.05,27.45,28.0,237882.0
8105,8105 凌巨,2017-01-03,16.0,16.3,15.95,16.15,2889480.0
8110,8110 華東,2017-01-03,11.7,11.8,11.65,11.75,725177.0
8112,8112 至上,2017-01-03,25.0,25.8,24.9,25.75,11865600.0
8114,8114 振樺電,2017-01-03,177.0,177.0,174.5,174.5,47491.0
8131,8131 福懋科,2017-01-03,23.6,23.7,23.4,23.4,101030.0
8150,8150 南茂,2017-01-03,23.55,25.15,23.45,24.7,4336740.0
8163,8163 達方,2017-01-03,21.35,21.4,21.05,21.15,668100.0
8201,8201 無敵,2017-01-03,8.19,8.19,8.19,8.19,1000.0
8210,8210 勤誠,2017-01-03,51.6,51.8,51.5,51.5,61299.0
8213,8213 志超,2017-01-03,30.3,30.3,30.1,30.15,280677.0
8215,8215 明基材,2017-01-03,15.3,15.45,15.0,15.05,1928000.0
8222,8222 寶一,2017-01-03,24.55,24.55,24.1,24.3,98082.0
8249,8249 菱光,2017-01-03,20.95,21.0,20.85,20.9,47110.0
8261,8261 富鼎,2017-01-03,22.1,22.1,21.6,21.7,52070.0
8271,8271 宇瞻,2017-01-03,32.85,32.95,32.75,32.85,180974.0
8341,8341 日友,2017-01-03,113.5,116.0,113.0,116.0,653691.0
8374,8374 羅昇,2017-01-03,19.1,20.7,18.85,19.9,6110290.0
8404,8404 百和興業-KY,2017-01-03,37.2,37.3,37.05,37.05,201433.0
8411,8411 福貞-KY,2017-01-03,34.75,34.85,34.05,34.25,512469.0
8422,8422 可寧衛,2017-01-03,164.5,164.5,163.0,163.5,132261.0
8429,8429 金麗-KY,2017-01-03,35.75,35.75,35.35,35.35,726517.0
8442,8442 威宏-KY,2017-01-03,48.2,48.25,47.75,48.1,86000.0
8443,8443 阿瘦,2017-01-03,17.55,17.55,17.3,17.55,33003.0
8454,8454 富邦媒,2017-01-03,194.0,194.0,191.5,194.0,21100.0
8463,8463 潤泰材,2017-01-03,17.35,17.4,17.1,17.15,39000.0
8464,8464 億豐,2017-01-03,333.0,333.0,318.5,321.0,697029.0
8466,8466 美吉吉-KY,2017-01-03,122.0,122.0,119.5,120.0,43400.0
8467,8467 波力-KY,2017-01-03,32.6,32.9,32.6,32.9,7000.0
8473,8473 山林水,2017-01-03,51.9,52.0,51.6,52.0,106757.0
8488,8488 吉源-KY,2017-01-03,43.9,43.9,43.3,43.4,59000.0
8926,8926 台汽電,2017-01-03,22.3,22.35,22.2,22.3,271182.0
8940,8940 新天地,2017-01-03,14.45,14.9,14.45,14.6,85000.0
8996,8996 高力,2017-01-03,56.0,56.0,55.5,55.8,139798.0
9103,9103 美德醫療-DR,2017-01-03,1.8,1.8,1.78,1.78,134000.0
910322,910322 康師傅-DR,2017-01-03,17.6,19.5,17.6,19.4,520000.0
9105,9105 泰金寶-DR,2017-01-03,2.96,2.96,2.92,2.94,443863.0
910861,910861 神州-DR,2017-01-03,12.2,12.2,12.0,12.15,14000.0
9110,9110 越南控-DR,2017-01-03,3.8,3.85,3.65,3.85,83000.0
911608,911608 明輝-DR,2017-01-03,2.6,2.6,2.55,2.55,6000.0
911622,911622 泰聚亨-DR,2017-01-03,0.0,0.0,0.0,0.0,0.0
911868,911868 同方友友-DR,2017-01-03,2.19,2.32,2.17,2.32,19000.0
912000,912000 晨訊科-DR,2017-01-03,2.45,2.45,2.45,2.45,9000.0
9136,9136 巨騰-DR,2017-01-03,10.1,10.1,9.95,10.05,89000.0
9802,9802 鈺齊-KY,2017-01-03,64.8,65.0,64.1,64.6,573406.0
9902,9902 台火,2017-01-03,9.5,9.6,9.5,9.52,42009.0
9904,9904 寶成,2017-01-03,40.1,40.5,40.0,40.35,1536090.0
9905,9905 大華,2017-01-03,23.9,24.2,23.9,24.15,167004.0
9906,9906 欣巴巴,2017-01-03,20.75,21.3,20.6,20.75,185286.0
9907,9907 統一實,2017-01-03,13.85,13.9,13.8,13.85,261797.0
9908,9908 大台北,2017-01-03,24.3,24.4,24.3,24.4,25500.0
9910,9910 豐泰,2017-01-03,121.5,122.5,121.0,122.5,406195.0
9911,9911 櫻花,2017-01-03,33.3,33.6,33.05,33.1,520725.0
9912,9912 偉聯,2017-01-03,7.8,7.9,7.71,7.73,34943.0
9914,9914 美利達,2017-01-03,144.5,147.0,143.5,145.0,949150.0
9917,9917 中保科,2017-01-03,88.3,88.3,87.4,87.7,356125.0
9918,9918 欣天然,2017-01-03,31.6,31.85,31.5,31.8,10403.0
9919,9919 康那香,2017-01-03,10.75,10.8,10.7,10.75,53004.0
9921,9921 巨大,2017-01-03,184.0,184.0,181.5,182.5,270928.0
9924,9924 福興,2017-01-03,41.8,42.45,41.7,42.35,502693.0
9925,9925 新保,2017-01-03,39.9,39.9,39.85,39.85,18320.0
9926,9926 新海,2017-01-03,41.35,41.35,41.35,41.35,3100.0
9927,9927 泰銘,2017-01-03,34.1,35.15,34.1,34.4,208402.0
9929,9929 秋雨,2017-01-03,12.0,12.0,11.0,11.0,20003.0
9930,9930 中聯資源,2017-01-03,52.9,53.0,52.9,53.0,29381.0
9931,9931 欣高,2017-01-03,0.0,0.0,0.0,0.0,80.0
9933,9933 中鼎,2017-01-03,48.85,49.1,48.6,48.9,566750.0
9934,9934 成霖,2017-01-03,16.25,16.7,16.2,16.6,1040650.0
9935,9935 慶豐富,2017-01-03,9.0,9.13,9.0,9.13,63615.0
9937,9937 全國,2017-01-03,39.8,39.8,39.75,39.8,52041.0
9938,9938 百和,2017-01-03,95.4,95.6,94.6,95.5,623004.0
9939,9939 宏全,2017-01-03,52.7,53.3,52.7,53.2,479854.0
9940,9940 信義,2017-01-03,32.4,32.4,32.15,32.2,141711.0
9941,9941 裕融,2017-01-03,77.3,77.3,76.8,77.1,125465.0
9942,9942 茂順,2017-01-03,84.1,84.1,82.9,83.0,18010.0
9943,9943 好樂迪,2017-01-03,51.2,51.4,50.9,51.0,41210.0
9944,9944 新麗,2017-01-03,20.9,21.0,20.7,21.0,19000.0
9945,9945 潤泰新,2017-01-03,36.8,36.9,36.75,36.75,1674790.0
9946,9946 三發地產,2017-01-03,10.6,10.9,10.6,10.7,89040.0
9955,9955 佳龍,2017-01-03,15.8,15.9,15.7,15.9,17306.0
9958,9958 世紀鋼,2017-01-03,9.75,9.75,9.64,9.65,50400.0
